pixel_id,district,soc0,scenario,c_input,soc_final_20y,delta_soc_20y,delta_soc_per_year,tco2e_per_ha_per_year,incremental_tco2e_vs_baseline
0,Ludhiana,29.0,CT_burn,0.9378390286426354,15.406357136582324,-13.593642863417676,-0.6796821431708838,-2.4944334654371434,0.0
0,Ludhiana,29.0,ZT_retain,1.953831309672157,23.61729351763079,-5.382706482369208,-0.2691353241184604,-0.9877266395147497,1.5067068259223937
0,Ludhiana,29.0,ZT_FYM,2.803831309672157,31.527018424730603,2.5270184247306027,0.12635092123653013,0.4637078809380656,2.958141346375209
1,Ludhiana,30.0,CT_burn,0.4823940273417761,15.117566712850243,-14.882433287149757,-0.7441216643574878,-2.7309265081919802,0.0
1,Ludhiana,30.0,ZT_retain,1.0049875569620337,21.25749240432754,-8.74250759567246,-0.43712537978362304,-1.6042501438058965,1.1266763643860838
1,Ludhiana,30.0,ZT_FYM,1.8549875569620335,27.3889690796233,-2.611030920376699,-0.13055154601883495,-0.47912417388912426,2.251802334302856
2,Ludhiana,32.0,CT_burn,0.5877316185689171,16.24842850754506,-15.75157149245494,-0.7875785746227469,-2.8904133688654814,0.0
2,Ludhiana,32.0,ZT_retain,1.224440872018577,23.150854482504453,-8.849145517495547,-0.44245727587477734,-1.6238182024604328,1.2665951664050485
2,Ludhiana,32.0,ZT_FYM,2.0744408720185774,29.69361327706195,-2.3063867229380506,-0.11531933614690253,-0.4232219636591323,2.467191405206349
3,Ludhiana,28.0,CT_burn,0.6668674389688625,14.47392400022892,-13.52607599977108,-0.676303799988554,-2.4820349459579933,0.0
3,Ludhiana,28.0,ZT_retain,1.3893071645184636,21.25003642498784,-6.74996357501216,-0.337498178750608,-1.2386183160147313,1.243416629943262
3,Ludhiana,28.0,ZT_FYM,2.2393071645184635,28.101774640324237,0.101774640324237,0.00508873201621185,0.01867564649949749,2.500710592457491
4,Ludhiana,32.0,CT_burn,0.4141794563542439,15.956659305087971,-16.04334069491203,-0.8021670347456015,-2.9439530175163573,0.0
4,Ludhiana,32.0,ZT_retain,0.862873867404675,22.021487143226164,-9.978512856773836,-0.4989256428386918,-1.8310571092179988,1.1128959082983585
4,Ludhiana,32.0,ZT_FYM,1.7128738674046748,27.886625534216698,-4.113374465783302,-0.2056687232891651,-0.7548042144712359,2.1891488030451214
5,Ludhiana,30.0,CT_burn,0.5812362489977364,15.283736444265008,-14.716263555734992,-0.7358131777867496,-2.700434362477371,0.0
5,Ludhiana,30.0,ZT_retain,1.2109088520786175,21.90069485974748,-8.099305140252518,-0.4049652570126259,-1.486222493236337,1.2142118692410337
5,Ludhiana,30.0,ZT_FYM,2.0609088520786174,28.41809300829534,-1.5819069917046598,-0.07909534958523298,-0.290279932977805,2.4101544294995656
6,Ludhiana,31.0,CT_burn,0.580611950506805,15.759573046935044,-15.240426953064956,-0.7620213476532478,-2.796618345887419,0.0
6,Ludhiana,31.0,ZT_retain,1.2096082302225106,22.500578261038466,-8.499421738961534,-0.42497108694807667,-1.5596438890994413,1.236974456787978
6,Ludhiana,31.0,ZT_FYM,2.0596082302225107,29.01553888653868,-1.9844611134613217,-0.09922305567306608,-0.3641486143201525,2.4324697315672665
7,Ludhiana,32.0,CT_burn,0.3,15.764705206145226,-16.235294793854774,-0.8117647396927387,-2.9791765946723507,0.0
7,Ludhiana,32.0,ZT_retain,0.4379213052080152,20.694132770832653,-11.305867229167347,-0.5652933614583674,-2.074626636552208,0.9045499581201426
7,Ludhiana,32.0,ZT_FYM,1.2879213052080152,25.76285853838716,-6.23714146161284,-0.311857073080642,-1.144515458205956,1.8346611364663947
8,Ludhiana,37.0,CT_burn,0.7957293707961299,18.98253705370446,-18.01746294629554,-0.9008731473147771,-3.306204450645232,0.0
8,Ludhiana,37.0,ZT_retain,1.657769522491937,27.524101561682745,-9.475898438317255,-0.47379492191586275,-1.7388273634312164,1.5673770872140156
8,Ludhiana,37.0,ZT_FYM,2.5077695224919374,34.87897078463652,-2.121029215363478,-0.10605146076817391,-0.38920886101919827,2.916995589626034
9,Ludhiana,33.0,CT_burn,0.7076252865622089,16.92687526795766,-16.07312473204234,-0.803656236602117,-2.9494183883297693,0.0
9,Ludhiana,33.0,ZT_retain,1.474219347004602,24.53499233160307,-8.465007668396929,-0.42325038341984644,-1.5533289071508365,1.3960894811789328
9,Ludhiana,33.0,ZT_FYM,2.3242193470046018,31.54586627179749,-1.4541337282025104,-0.07270668641012552,-0.26683353912516067,2.6825848492046087
10,Ludhiana,31.0,CT_burn,0.4487094006982205,15.537823566729115,-15.462176433270885,-0.7731088216635442,-2.8373093755052072,0.0
10,Ludhiana,31.0,ZT_retain,0.934811251454626,21.64224016936398,-9.35775983063602,-0.467887991531801,-1.7171489289217097,1.1201604465834976
10,Ludhiana,31.0,ZT_FYM,1.784811251454626,27.642197939859297,-3.3578020601407026,-0.16789010300703514,-0.616156678035819,2.221152697469388
11,Ludhiana,32.0,CT_burn,0.5445690072354638,16.17586518984265,-15.82413481015735,-0.7912067405078675,-2.9037287376638736,0.0
11,Ludhiana,32.0,ZT_retain,1.1345187650738828,22.869979597997585,-9.130020402002415,-0.4565010201001208,-1.6753587437674433,1.2283699938964303
11,Ludhiana,32.0,ZT_FYM,1.984518765073883,29.24421346185089,-2.75578653814911,-0.1377893269074555,-0.5056868297503616,2.398041907913512
12,Ludhiana,33.0,CT_burn,0.687519227830354,16.893073737363657,-16.106926262636343,-0.8053463131318171,-2.955620969193769,0.0
12,Ludhiana,33.0,ZT_retain,1.432331724646571,24.40415486024226,-8.595845139757738,-0.4297922569878869,-1.577337583145545,1.378283386048224
12,Ludhiana,33.0,ZT_FYM,2.282331724646571,31.33652631762023,-1.6634736823797702,-0.08317368411898851,-0.3052474207166878,2.650373548477081
13,Ludhiana,35.0,CT_burn,0.5256015251115241,17.57463623799015,-17.42536376200985,-0.8712681881004926,-3.1975542503288077,0.0
13,Ludhiana,35.0,ZT_retain,1.0950031773156754,24.55838907979626,-10.44161092020374,-0.5220805460101869,-1.916035603857386,1.2815186464714217
13,Ludhiana,35.0,ZT_FYM,1.9450031773156755,30.858565941262214,-4.1414340587377865,-0.2070717029368893,-0.7599531497783838,2.437601100550424
14,Ludhiana,38.0,CT_burn,0.5295313945843582,19.01190143065613,-18.98809856934387,-0.9494049284671935,-3.4843160874746,0.0
14,Ludhiana,38.0,ZT_retain,1.1031904053840795,26.39579999562706,-11.604200004372942,-0.5802100002186471,-2.129370700802435,1.3549453866721652
14,Ludhiana,38.0,ZT_FYM,1.9531904053840796,32.711320715124785,-5.288679284875215,-0.26443396424376076,-0.9704726487746019,2.513843438699998
15,Ludhiana,29.0,CT_burn,0.3,14.334046758490247,-14.665953241509753,-0.7332976620754876,-2.6912024198170394,0.0
15,Ludhiana,29.0,ZT_retain,0.5705737785040521,19.296639648287663,-9.703360351712337,-0.4851680175856169,-1.780566624539214,0.9106357952778255
15,Ludhiana,29.0,ZT_FYM,1.420573778504052,24.61397223378166,-4.386027766218341,-0.21930138831091703,-0.8048360951010655,1.8863663247159739
16,Ludhiana,29.0,CT_burn,0.6979273618715667,15.003026894073557,-13.996973105926443,-0.6998486552963221,-2.568444564937502,0.0
16,Ludhiana,29.0,ZT_retain,1.4540153372324307,22.05610063299299,-6.94389936700701,-0.34719496835035046,-1.2742055338457863,1.2942390310917158
16,Ludhiana,29.0,ZT_FYM,2.3040153372324306,29.029109809310295,0.029109809310295276,0.0014554904655147637,0.005341650008439182,2.573786214945941
17,Ludhiana,30.0,CT_burn,0.6069636471966225,15.32698835399628,-14.67301164600372,-0.733650582300186,-2.6924976370416824,0.0
17,Ludhiana,30.0,ZT_retain,1.264507598326297,22.06811244118037,-7.9318875588196285,-0.3965943779409814,-1.4555013670434016,1.2369962699982808
17,Ludhiana,30.0,ZT_FYM,2.114507598326297,28.685961138588013,-1.3140388614119871,-0.06570194307059936,-0.24112613106909964,2.451371505972583
18,Ludhiana,30.0,CT_burn,0.6387659358981044,15.380453135375799,-14.619546864624201,-0.7309773432312101,-2.682686849658541,0.0
18,Ludhiana,30.0,ZT_retain,1.3307623664543842,22.27506155501119,-7.724938444988808,-0.3862469222494404,-1.4175262046554462,1.265160645003095
18,Ludhiana,30.0,ZT_FYM,2.1807623664543843,29.0170797207174,-0.9829202792825988,-0.049146013964129945,-0.1803658712483569,2.502320978410184
19,Ludhiana,29.0,CT_burn,0.3,14.334046758490247,-14.665953241509753,-0.7332976620754876,-2.6912024198170394,0.0
19,Ludhiana,29.0,ZT_retain,0.5383292059772706,19.195922584462494,-9.804077415537506,-0.49020387077687533,-1.7990482057511323,0.8921542140659071
19,Ludhiana,29.0,ZT_FYM,1.3883292059772705,24.452824931661603,-4.547175068338397,-0.22735875341691986,-0.8344066250400959,1.8567957947769436
20,Ludhiana,34.0,CT_burn,0.9294277747785838,17.77664720703935,-16.22335279296065,-0.8111676396480325,-2.9769852375082793,0.0
20,Ludhiana,34.0,ZT_retain,1.9363078641220497,26.58228811359996,-7.417711886400038,-0.3708855943200019,-1.361150131154407,1.6158351063538723
20,Ludhiana,34.0,ZT_FYM,2.78630786412205,34.45917195917053,0.4591719591705328,0.022958597958526637,0.08425805450779275,3.061243292016072
21,Ludhiana,30.0,CT_burn,0.613395665088383,15.337801614439352,-14.662198385560648,-0.7331099192780324,-2.6905134037503786,0.0
21,Ludhiana,30.0,ZT_retain,1.277907635600798,22.109967932001773,-7.890032067998227,-0.39450160339991136,-1.4478208844776748,1.2426925192727039
21,Ludhiana,30.0,ZT_FYM,2.1279076356007978,28.752929923902197,-1.2470700760978026,-0.06235350380489013,-0.22883735896394677,2.4616760447864316
22,Ludhiana,29.0,CT_burn,0.4990360439779148,14.668658480237758,-14.331341519762242,-0.7165670759881121,-2.629801168876371,0.0
22,Ludhiana,29.0,ZT_retain,1.0396584249539893,20.76184214823122,-8.23815785176878,-0.41190789258843896,-1.511701965799571,1.1180992030768002
22,Ludhiana,29.0,ZT_FYM,1.8896584249539887,26.95829623369144,-2.0417037663085615,-0.10208518831542808,-0.37465264111762103,2.25514852775875
23,Ludhiana,27.0,CT_burn,1.009340053024747,14.572789603056854,-12.427210396943146,-0.6213605198471572,-2.280393107839067,0.0
23,Ludhiana,27.0,ZT_retain,2.1027917771348896,22.874684931912302,-4.125315068087698,-0.20626575340438488,-0.7569953149940926,1.5233977928449747
23,Ludhiana,27.0,ZT_FYM,2.9527917771348897,31.063579815225697,4.0635798152256974,0.20317899076128487,0.7456668960939155,3.0260600039329826
24,Ludhiana,29.0,CT_burn,0.5712144704934317,14.790002067493118,-14.209997932506882,-0.7104998966253441,-2.6075346206150125,0.0
24,Ludhiana,29.0,ZT_retain,1.190030146861316,21.231533545139747,-7.768466454860253,-0.3884233227430126,-1.4255135944668562,1.1820210261481563
24,Ludhiana,29.0,ZT_FYM,2.040030146861316,27.70980246874523,-1.290197531254769,-0.06450987656273846,-0.23675124698525016,2.3707833736297625
25,Ludhiana,33.0,CT_burn,0.3,16.24159135536358,-16.75840864463642,-0.8379204322318211,-3.0751679862907833,0.0
25,Ludhiana,33.0,ZT_retain,0.5717013723755071,21.71594548647945,-11.284054513520552,-0.5642027256760276,-2.0706240032310212,1.004543983059762
25,Ludhiana,33.0,ZT_FYM,1.421701372375507,27.035391319599654,-5.964608680400346,-0.2982304340200173,-1.0945056928534636,1.9806622934373197
26,Ludhiana,32.0,CT_burn,0.4952158769336726,16.092894610374373,-15.907105389625627,-0.7953552694812813,-2.9189538389963023,0.0
26,Ludhiana,32.0,ZT_retain,1.031699743611818,22.548820744412964,-9.451179255587036,-0.4725589627793518,-1.734291393400221,1.1846624455960812
26,Ludhiana,32.0,ZT_FYM,1.881699743611818,28.730359296115665,-3.2696407038843347,-0.16348203519421672,-0.5999790691627753,2.318974769833527
27,Ludhiana,32.0,CT_burn,0.3,15.764705206145226,-16.235294793854774,-0.8117647396927387,-2.9791765946723507,0.0
27,Ludhiana,32.0,ZT_retain,0.3,20.26333069125985,-11.73666930874015,-0.5868334654370075,-2.153678818153818,0.825497776518533
27,Ludhiana,32.0,ZT_FYM,1.0531413551324422,24.589508961023473,-7.410491038976527,-0.3705245519488264,-1.3598251056521928,1.619351489020158
28,Ludhiana,33.0,CT_burn,0.8024325512212955,17.086261585268392,-15.913738414731608,-0.7956869207365804,-2.92017099910325,0.0
28,Ludhiana,33.0,ZT_retain,1.6717344817110324,25.15193784738306,-7.84806215261694,-0.392403107630847,-1.4401194050052084,1.4800515940980417
28,Ludhiana,33.0,ZT_FYM,2.5217344817110323,32.53297909704574,-0.46702090295426046,-0.023351045147713023,-0.08569833569210679,2.8344726634111432
29,Ludhiana,32.0,CT_burn,0.4928406239285721,16.088901426618552,-15.911098573381448,-0.7955549286690724,-2.919686588215496,0.0
29,Ludhiana,32.0,ZT_retain,1.0267512998511918,22.533364105139466,-9.466635894860534,-0.4733317947430267,-1.737127686706908,1.1825589015085878
29,Ludhiana,32.0,ZT_FYM,1.876751299851192,28.70562867327811,-3.2943713267218904,-0.16471856633609452,-0.6045171384534669,2.315169449762029
30,Ludhiana,34.0,CT_burn,0.4239726954767953,16.92689561948257,-17.07310438051743,-0.8536552190258716,-3.132914653824949,0.0
30,Ludhiana,34.0,ZT_retain,0.8832764489099902,23.29310720826726,-10.706892791732741,-0.535344639586637,-1.9647148272829578,1.168199826541991
30,Ludhiana,34.0,ZT_FYM,1.73327644890999,29.196482510638113,-4.803517489361887,-0.24017587446809435,-0.8814454592979063,2.2514691945270426
31,Ludhiana,36.0,CT_burn,0.8073056917887446,18.5251125689235,-17.4748874310765,-0.873744371553825,-3.206641843602538,0.0
31,Ludhiana,36.0,ZT_retain,1.681886857893218,26.99548697291835,-9.00451302708165,-0.4502256513540825,-1.6523281404694827,1.5543137031330552
31,Ludhiana,36.0,ZT_FYM,2.531886857893218,34.39555500643568,-1.6044449935643215,-0.08022224967821608,-0.294415656319053,2.912226187283485
32,Ludhiana,30.0,CT_burn,0.3,14.810932907708587,-15.189067092291413,-0.7594533546145706,-2.787193811435474,0.0
32,Ludhiana,30.0,ZT_retain,0.4835267406614312,19.62869108360928,-10.37130891639072,-0.518565445819536,-1.903135186157697,0.8840586252777771
32,Ludhiana,30.0,ZT_FYM,1.3335267406614313,24.782886966474162,-5.2171130335258376,-0.2608556516762919,-0.9573402416519912,1.829853569783483
33,Ludhiana,28.0,CT_burn,0.6938826800560705,14.519340981761266,-13.480659018238734,-0.6740329509119367,-2.4737009298468076,0.0
33,Ludhiana,28.0,ZT_retain,1.44558891678348,21.425834470700806,-6.574165529299194,-0.3287082764649597,-1.206359374626402,1.2673415552204055
33,Ludhiana,28.0,ZT_FYM,2.29558891678348,28.38305151346515,0.3830515134651513,0.019152575673257566,0.07028995272085527,2.543990882567663
34,Ludhiana,30.0,CT_burn,0.3,14.810932907708587,-15.189067092291413,-0.7594533546145706,-2.787193811435474,0.0
34,Ludhiana,30.0,ZT_retain,0.3016574866266829,19.06061603001005,-10.93938396998995,-0.5469691984994975,-2.007376958493156,0.7798168529423184
34,Ludhiana,30.0,ZT_FYM,1.1516574866266829,23.873966880715514,-6.126033119284486,-0.3063016559642243,-1.1241270773887033,1.6630667340467709
35,Ludhiana,30.0,CT_burn,0.44095194746237,15.04789588627992,-14.95210411372008,-0.7476052056860041,-2.743711104867635,0.0
35,Ludhiana,30.0,ZT_retain,0.9186498905466044,20.98781364671184,-9.012186353288161,-0.45060931766440804,-1.6537361958283774,1.0899749090392574
35,Ludhiana,30.0,ZT_FYM,1.7686498905466044,26.957483067438304,-3.0425169325616963,-0.15212584662808482,-0.5583018571250713,2.1854092477425633
36,Ludhiana,30.0,CT_burn,0.3264687686093365,14.85543118078465,-15.14456881921535,-0.7572284409607675,-2.7790283783260166,0.0
36,Ludhiana,30.0,ZT_retain,0.6801432679361178,20.24282976726331,-9.75717023273669,-0.4878585116368345,-1.7904407377071827,0.9885876406188339
36,Ludhiana,30.0,ZT_FYM,1.5301432679361178,25.765508860320686,-4.234491139679314,-0.2117245569839657,-0.7770291241311541,2.0019992541948626
37,Ludhiana,31.0,CT_burn,0.8895692524674964,16.27898014873128,-14.721019851268721,-0.7360509925634361,-2.7013071427078104,0.0
37,Ludhiana,31.0,ZT_retain,1.8532692759739509,24.511076324636907,-6.488923675363093,-0.32444618376815465,-1.1907174944291274,1.510589648278683
37,Ludhiana,31.0,ZT_FYM,2.703269275973951,32.23233578829617,1.2323357882961687,0.061616789414808436,0.22613361715234695,2.9274407598601573
38,Ludhiana,33.0,CT_burn,0.9538131774186756,17.340756856370046,-15.659243143629954,-0.7829621571814978,-2.8734711168560967,0.0
38,Ludhiana,33.0,ZT_retain,1.9871107862889077,26.137026899833725,-6.8629731001662755,-0.34314865500831376,-1.2593555638805114,1.6141155529755853
38,Ludhiana,33.0,ZT_FYM,2.837110786288908,34.10912158096638,1.1091215809663808,0.05545607904831904,0.20352381010733087,3.0769949269634274
39,Ludhiana,31.0,CT_burn,0.5112278155959606,15.642927114969904,-15.357072885030096,-0.7678536442515048,-2.8180228744030225,0.0
39,Ludhiana,31.0,ZT_retain,1.0650579491582517,22.04907034069656,-8.95092965930344,-0.447546482965172,-1.6424955924821814,1.175527281920841
39,Ludhiana,31.0,ZT_FYM,1.915057949158252,28.293126213991716,-2.706873786008284,-0.1353436893004142,-0.49671133973252013,2.321311534670502
40,Ludhiana,29.0,CT_burn,0.7583628607407149,15.104628724210057,-13.895371275789943,-0.6947685637894971,-2.5498006291074544,0.0
40,Ludhiana,29.0,ZT_retain,1.579922626543156,22.44937650858462,-6.550623491415379,-0.32753117457076897,-1.202039410674722,1.3477612184327323
40,Ludhiana,29.0,ZT_FYM,2.429922626543156,29.658351210256967,0.6583512102569671,0.03291756051284835,0.12080744708215345,2.670608076189608
41,Ludhiana,30.0,CT_burn,0.5427868720555036,15.21909683446556,-14.78090316553444,-0.739045158276722,-2.7122957308755695,0.0
41,Ludhiana,30.0,ZT_retain,1.130805983448966,21.650490713743178,-8.349509286256822,-0.4174754643128411,-1.5321349540281268,1.1801607768474427
41,Ludhiana,30.0,ZT_FYM,1.980805983448966,28.017766374688225,-1.9822336253117747,-0.09911168126558874,-0.36373987024471066,2.3485558606308587
42,Ludhiana,33.0,CT_burn,0.7007746706036699,16.91535827658704,-16.08464172341296,-0.804232086170648,-2.951531756246278,0.0
42,Ludhiana,33.0,ZT_retain,1.4599472304243124,24.490412870196288,-8.509587129803712,-0.42547935649018565,-1.5615092383189813,1.390022517927297
42,Ludhiana,33.0,ZT_FYM,2.3099472304243123,31.474539133546617,-1.5254608664533826,-0.07627304332266913,-0.2799220689941957,2.6716096872520825
43,Ludhiana,30.0,CT_burn,0.4218007841157867,15.015699688984158,-14.984300311015842,-0.7492150155507921,-2.749619107071407,0.0
43,Ludhiana,30.0,ZT_retain,0.8787516335745558,20.863190028562716,-9.136809971437284,-0.4568404985718642,-1.6766046297587416,1.0730144773126653
43,Ludhiana,30.0,ZT_FYM,1.728751633574556,26.75808527839949,-3.2419147216005086,-0.16209573608002542,-0.5948913514136933,2.1547277556577136
44,Ludhiana,31.0,CT_burn,0.3,15.287819056926903,-15.712180943073097,-0.7856090471536549,-2.8831852030539133,0.0
44,Ludhiana,31.0,ZT_retain,0.4583307506064956,20.153936456375995,-10.846063543624005,-0.5423031771812002,-1.9902526602550048,0.8929325427989085
44,Ludhiana,31.0,ZT_FYM,1.3083307506064956,25.260911999078687,-5.739088000921313,-0.28695440004606565,-1.053122648169061,1.8300625548848524
45,Ludhiana,33.0,CT_burn,0.3,16.24159135536358,-16.75840864463642,-0.8379204322318211,-3.0751679862907833,0.0
45,Ludhiana,33.0,ZT_retain,0.4166365902689141,21.23159514989249,-11.768404850107508,-0.5884202425053754,-2.1595022899947276,0.9156656962960557
45,Ludhiana,33.0,ZT_FYM,1.266636590268914,26.260430781060517,-6.739569218939483,-0.33697846094697415,-1.2367109516753951,1.8384570346153881
46,Ludhiana,31.0,CT_burn,0.6617153350911866,15.895920929524364,-15.104079070475636,-0.7552039535237818,-2.771598509432279,0.0
46,Ludhiana,31.0,ZT_retain,1.3785736147733054,23.02834762147559,-7.971652378524411,-0.39858261892622054,-1.4627982114592293,1.3088002979730498
46,Ludhiana,31.0,ZT_FYM,2.228573614773305,29.85996986323814,-1.1400301367618617,-0.05700150683809309,-0.20919553009580164,2.5624029793364773
47,Ludhiana,31.0,CT_burn,1.0554920751529862,16.557923199780788,-14.442076800219212,-0.7221038400109606,-2.6501210928402252,0.0
47,Ludhiana,31.0,ZT_retain,2.198941823235388,25.59079676367163,-5.40920323632837,-0.2704601618164185,-0.992588793866256,1.6575322989739694
47,Ludhiana,31.0,ZT_FYM,3.048941823235388,33.95988849075161,2.9598884907516094,0.14799442453758047,0.5431395380529203,3.1932606308931453
48,Ludhiana,31.0,CT_burn,0.6376997363632659,15.855546831051894,-15.144453168948106,-0.7572226584474053,-2.7790071565019776,0.0
48,Ludhiana,31.0,ZT_retain,1.3285411174234707,22.872069344729177,-8.127930655270823,-0.40639653276354115,-1.491475275242196,1.2875318812597816
48,Ludhiana,31.0,ZT_FYM,2.1785411174234706,29.609924620443838,-1.390075379556162,-0.0695037689778081,-0.25507883214855576,2.523928324353422
49,Ludhiana,32.0,CT_burn,0.47000350438254,16.050508541901188,-15.949491458098812,-0.7974745729049406,-2.926731682561132,0.0
49,Ludhiana,32.0,ZT_retain,0.9791739674636252,22.384754623071622,-9.615245376928378,-0.4807622688464189,-1.7643975266663574,1.1623341558947744
49,Ludhiana,32.0,ZT_FYM,1.8291739674636247,28.46785350196952,-3.5321464980304818,-0.1766073249015241,-0.6481488823885934,2.2785828001725386
50,Ludhiana,30.0,CT_burn,0.984618383724506,15.961886933621255,-14.038113066378745,-0.7019056533189373,-2.5759937476804997,0.0
50,Ludhiana,30.0,ZT_retain,2.051288299426054,24.52564981504935,-5.4743501849506515,-0.2737175092475326,-1.0045432589384444,1.5714504887420553
50,Ludhiana,30.0,ZT_FYM,2.9012882994260543,32.61802093677824,2.6180209367782368,0.13090104683891185,0.4804068418988065,3.0564005895793063
51,Ludhiana,30.0,CT_burn,0.6309181500097752,15.36725974037298,-14.63274025962702,-0.731637012981351,-2.6851078376415582,0.0
51,Ludhiana,30.0,ZT_retain,1.3144128125203651,22.2239931444837,-7.7760068555163,-0.388800342775815,-1.426897257987241,1.2582105796543173
51,Ludhiana,30.0,ZT_FYM,2.164412812520365,28.935370263873185,-1.0646297361268147,-0.05323148680634073,-0.19535955657927048,2.4897482810622877
52,Ludhiana,32.0,CT_burn,0.6022228576766933,16.27279061991026,-15.72720938008974,-0.786360469004487,-2.885942921246467,0.0
52,Ludhiana,32.0,ZT_retain,1.254630953493111,23.245154270793602,-8.754845729206398,-0.4377422864603199,-1.606514191309374,1.2794287299370932
52,Ludhiana,32.0,ZT_FYM,2.104630953493111,29.844492938324784,-2.155507061675216,-0.10777535308376081,-0.39553554581740213,2.490407375429065
53,Ludhiana,28.0,CT_burn,0.6341444177492831,14.418911318846064,-13.581088681153936,-0.6790544340576968,-2.4921297729917473,0.0
53,Ludhiana,28.0,ZT_retain,1.32113420364434,21.037095768205987,-6.962904231794013,-0.3481452115897007,-1.2776929265342014,1.214436846457546
53,Ludhiana,28.0,ZT_FYM,2.17113420364434,27.76106958947322,-0.23893041052678043,-0.011946520526339021,-0.04384373033166421,2.448286042660083
54,Ludhiana,28.0,CT_burn,0.5528419358738818,14.282228721568885,-13.717771278431115,-0.6858885639215557,-2.5172110295921093,0.0
54,Ludhiana,28.0,ZT_retain,1.151754033070587,20.508030808941697,-7.491969191058303,-0.37459845955291515,-1.3747763465591987,1.1424346830329106
54,Ludhiana,28.0,ZT_FYM,2.001754033070587,26.914565654650467,-1.0854343453495332,-0.05427171726747666,-0.19917720237163936,2.31803382722047
55,Ludhiana,26.0,CT_burn,0.5154385968676286,13.265575371972577,-12.734424628027423,-0.6367212314013712,-2.3367669192430323,0.0
55,Ludhiana,26.0,ZT_retain,1.0738304101408929,19.05674173462432,-6.943258265375679,-0.34716291326878396,-1.274087891696437,1.0626790275465952
55,Ludhiana,26.0,ZT_FYM,1.923830410140893,25.317238263387054,-0.6827617366129459,-0.0341380868306473,-0.1252867786684756,2.2114801405745568
56,Ludhiana,25.0,CT_burn,0.3,12.426502161616911,-12.573497838383089,-0.6286748919191545,-2.307236853343297,0.0
56,Ludhiana,25.0,ZT_retain,0.5786160749443563,16.905976287121344,-8.094023712878656,-0.40470118564393276,-1.485253351313233,0.8219835020300639
56,Ludhiana,25.0,ZT_FYM,1.4286160749443564,22.23838111120452,-2.7616188887954785,-0.13808094443977392,-0.5067570660939703,1.8004797872493268
57,Ludhiana,26.0,CT_burn,0.6867430148158359,13.553565753448286,-12.446434246551714,-0.6223217123275857,-2.2839206842422395,0.0
57,Ludhiana,26.0,ZT_retain,1.430714614199658,20.171482180585805,-5.828517819414195,-0.29142589097070976,-1.0695330198625048,1.2143876643797347
57,Ludhiana,26.0,ZT_FYM,2.280714614199658,27.10082297692552,1.100822976925521,0.05504114884627605,0.20200101626583308,2.4859217005080727
58,Ludhiana,28.0,CT_burn,0.5607834248670942,14.295579646618116,-13.704420353381884,-0.6852210176690943,-2.514761134845576,0.0
58,Ludhiana,28.0,ZT_retain,1.1682988018064464,20.559708979813802,-7.440291020186198,-0.3720145510093099,-1.3652934022041674,1.1494677326414087
58,Ludhiana,28.0,ZT_FYM,2.0182988018064463,26.99725072804599,-1.0027492719540092,-0.05013746359770046,-0.18400449140356068,2.3307566434420153
59,Ludhiana,31.0,CT_burn,0.832779746799055,16.183507821764177,-14.816492178235823,-0.7408246089117911,-2.7188263147062735,0.0
59,Ludhiana,31.0,ZT_retain,1.7349578058313646,24.141526259127673,-6.858473740872327,-0.34292368704361637,-1.258529931450072,1.4602963832562015
59,Ludhiana,31.0,ZT_FYM,2.5849578058313645,31.641055683481422,0.6410556834814223,0.03205278417407111,0.11763371791884097,2.8364600326251144
60,Ludhiana,36.0,CT_burn,0.5029055394638149,18.013366771358385,-17.986633228641615,-0.8993316614320808,-3.3005471974557365,0.0
60,Ludhiana,36.0,ZT_retain,1.0477198738829476,25.014643947281844,-10.985356052718156,-0.5492678026359078,-2.0158128356737817,1.2847343617819549
60,Ludhiana,36.0,ZT_FYM,1.897719873882948,31.2262061654169,-4.773793834583099,-0.23868969172915494,-0.8759911686459986,2.424556028809738
61,Ludhiana,33.0,CT_burn,0.3,16.24159135536358,-16.75840864463642,-0.8379204322318211,-3.0751679862907833,0.0
61,Ludhiana,33.0,ZT_retain,0.3711972534465939,21.08966377266298,-11.91033622733702,-0.595516811366851,-2.185546697716343,0.8896212885744403
61,Ludhiana,33.0,ZT_FYM,1.221197253446594,26.03334057749335,-6.966659422506648,-0.3483329711253324,-1.2783820040299698,1.7967859822608134
62,Ludhiana,32.0,CT_burn,0.5597622345438048,16.20140745769995,-15.79859254230005,-0.7899296271150025,-2.899041731512059,0.0
62,Ludhiana,32.0,ZT_retain,1.16617132196626,22.968847480029773,-9.031152519970227,-0.45155762599851135,-1.6572164874145365,1.2418252440975224
62,Ludhiana,32.0,ZT_FYM,2.01617132196626,29.402402073102415,-2.597597926897585,-0.12987989634487923,-0.4766592195857068,2.4223825119263522
63,Ludhiana,33.0,CT_burn,0.939742277072899,17.317101401322088,-15.682898598677912,-0.7841449299338956,-2.877811892857397,0.0
63,Ludhiana,33.0,ZT_retain,1.95779641056854,26.045462409469664,-6.954537590530336,-0.3477268795265168,-1.2761576478623167,1.6016542449950801
63,Ludhiana,33.0,ZT_FYM,2.80779641056854,33.96261839638425,0.9626183963842507,0.04813091981921254,0.17664047573651,3.054452368593907
64,Ludhiana,28.0,CT_burn,0.4998210364368646,14.193092030069895,-13.806907969930105,-0.6903453984965052,-2.533567612482174,0.0
64,Ludhiana,28.0,ZT_retain,1.0412938259101348,20.163004441311315,-7.836995558688685,-0.3918497779344342,-1.4380886850193735,1.0954789274628005
64,Ludhiana,28.0,ZT_FYM,1.8912938259101344,26.36252346644184,-1.6374765335581607,-0.08187382667790803,-0.30047694390792246,2.2330906685742518
65,Ludhiana,28.0,CT_burn,0.3928622309524178,14.013277010920994,-13.986722989079006,-0.6993361494539503,-2.5665636684959976,0.0
65,Ludhiana,28.0,ZT_retain,0.8184629811508706,19.466984408942494,-8.533015591057506,-0.4266507795528753,-1.5658083609590523,1.0007553075369453
65,Ludhiana,28.0,ZT_FYM,1.6684629811508709,25.248891414651727,-2.7511085853482733,-0.13755542926741365,-0.504828425411408,2.0617352430845894
66,Ludhiana,31.0,CT_burn,0.3287133860190718,15.336090894233466,-15.663909105766534,-0.7831954552883267,-2.874327320908159,0.0
66,Ludhiana,31.0,ZT_retain,0.6848195542063996,20.86138225268447,-10.138617747315529,-0.5069308873657764,-1.8604363566323994,1.0138909642757594
66,Ludhiana,31.0,ZT_FYM,1.5348195542063996,26.392825273172086,-4.607174726827914,-0.2303587363413957,-0.8454165623729222,2.0289107585352366
67,Ludhiana,31.0,CT_burn,0.3590364495008812,15.387068859216633,-15.612931140783367,-0.7806465570391683,-2.8649728643337475,0.0
67,Ludhiana,31.0,ZT_retain,0.747992603126836,21.05870550746971,-9.94129449253029,-0.49706472462651446,-1.8242275393793081,1.0407453249544394
67,Ludhiana,31.0,ZT_FYM,1.597992603126836,26.70854248082847,-4.29145751917153,-0.2145728759585765,-0.7874824547679757,2.0774904095657716
68,Ludhiana,30.0,CT_burn,0.5173990827878056,15.176415862172995,-14.823584137827005,-0.7411792068913503,-2.7201276892912554,0.0
68,Ludhiana,30.0,ZT_retain,1.0779147558079285,21.485283091726004,-8.514716908273996,-0.4257358454136998,-1.5624505526682781,1.1576771366229772
68,Ludhiana,30.0,ZT_FYM,1.927914755807928,27.75343417946089,-2.246565820539111,-0.11232829102695555,-0.41224482806892687,2.3078828612223283
69,Ludhiana,30.0,CT_burn,0.3315877818616271,14.86403706846093,-15.13596293153907,-0.7567981465769534,-2.777449197937419,0.0
69,Ludhiana,30.0,ZT_retain,0.6908078788783898,20.27614105709522,-9.72385894290478,-0.486192947145239,-1.784328116023027,0.9931210819143921
69,Ludhiana,30.0,ZT_FYM,1.5408078788783897,25.818806924051593,-4.181193075948407,-0.20905965379742036,-0.7672489294365327,2.0102002685008866
70,Ludhiana,33.0,CT_burn,0.8971013812142097,17.245415171556974,-15.754584828443026,-0.7877292414221513,-2.8909663160192953,0.0
70,Ludhiana,33.0,ZT_retain,1.868961210862937,25.767982518203294,-7.2320174817967064,-0.3616008740898353,-1.3270752079096957,1.5638911081095996
70,Ludhiana,33.0,ZT_FYM,2.718961210862937,33.518650570357906,0.5186505703579058,0.025932528517895292,0.09517237966067572,2.986138695679971
71,Ludhiana,33.0,CT_burn,0.5211074381408797,16.61330865384302,-16.38669134615698,-0.8193345673078489,-3.0069578620198056,0.0
71,Ludhiana,33.0,ZT_retain,1.0856404961268329,23.32125253423346,-9.678747465766541,-0.4839373732883271,-1.7760501599681604,1.2309077020516452
71,Ludhiana,33.0,ZT_FYM,1.9356404961268328,29.603882596006102,-3.396117403993898,-0.1698058701996949,-0.6231875436328803,2.3837703183869254
72,Ludhiana,28.0,CT_burn,0.603746536059687,14.36780757237714,-13.63219242762286,-0.681609621381143,-2.501507310468795,0.0
72,Ludhiana,28.0,ZT_retain,1.2578052834576812,20.83928564400243,-7.16071435599757,-0.3580357177998785,-1.313991084325554,1.1875162261432408
72,Ludhiana,28.0,ZT_FYM,2.1078052834576813,27.444573390747742,-0.5554266092522582,-0.02777133046261291,-0.10192078279778938,2.3995865276710053
73,Ludhiana,31.0,CT_burn,0.8845561867789695,16.270552376013622,-14.729447623986378,-0.7364723811993189,-2.7028536390015003,0.0
73,Ludhiana,31.0,ZT_retain,1.8428253891228528,24.478454474317978,-6.521545525682022,-0.3260772762841011,-1.196703603962651,1.5061500350388493
73,Ludhiana,31.0,ZT_FYM,2.692825389122853,32.18014082778597,1.1801408277859693,0.059007041389298465,0.21655584189872537,2.919409480900226
74,Ludhiana,30.0,CT_burn,0.8983008715120514,15.816773260734998,-14.183226739265002,-0.7091613369632501,-2.602622106655128,0.0
74,Ludhiana,30.0,ZT_retain,1.8714601489834408,23.96395022078021,-6.036049779219791,-0.30180248896098955,-1.1076151344868317,1.4950069721682964
74,Ludhiana,30.0,ZT_FYM,2.7214601489834407,31.719301585947804,1.7193015859478038,0.0859650792973902,0.315491841021422,2.91811394767655
75,Ludhiana,31.0,CT_burn,0.5358707973658913,15.684355945618869,-15.315644054381131,-0.7657822027190566,-2.8104206839789376,0.0
75,Ludhiana,31.0,ZT_retain,1.1163974945122734,22.20943122815675,-8.790568771843251,-0.43952843859216256,-1.6130693696332365,1.197351314345701
75,Ludhiana,31.0,ZT_FYM,1.9663974945122733,28.549703633928,-2.450296366071999,-0.12251481830359996,-0.44962938317421186,2.360791300804726
76,Ludhiana,34.0,CT_burn,0.6509129543111708,17.308418831182085,-16.691581168817915,-0.8345790584408957,-3.0629051444780875,0.0
76,Ludhiana,34.0,ZT_retain,1.3560686548149392,24.769890401425386,-9.230109598574614,-0.4615054799287307,-1.6937251113384417,1.3691800331396458
76,Ludhiana,34.0,ZT_FYM,2.2060686548149397,31.559335619691208,-2.4406643803087924,-0.12203321901543962,-0.4478619137866634,2.615043230691424
77,Ludhiana,30.0,CT_burn,0.7360376146204984,15.543982530575198,-14.456017469424802,-0.7228008734712401,-2.6526792056394513,0.0
77,Ludhiana,30.0,ZT_retain,1.5334116971260383,22.908043913651994,-7.091956086348006,-0.3545978043174003,-1.301373941844859,1.3513052637945921
77,Ludhiana,30.0,ZT_FYM,2.3834116971260384,30.029851494542513,0.02985149454251257,0.0014925747271256284,0.005477749248551056,2.6581569548880024
78,Ludhiana,33.0,CT_burn,0.5400689267741263,16.645185977325102,-16.354814022674898,-0.8177407011337449,-3.0011083731608434,0.0
78,Ludhiana,33.0,ZT_retain,1.1251435974460966,23.444641869711592,-9.555358130288408,-0.47776790651442036,-1.7534082169079226,1.2477001562529209
78,Ludhiana,33.0,ZT_FYM,1.975143597446097,29.80130553277129,-3.1986944672287088,-0.15993472336143544,-0.5869604347364681,2.4141479384243754
79,Ludhiana,32.0,CT_burn,0.3,15.764705206145226,-16.235294793854774,-0.8117647396927387,-2.9791765946723507,0.0
79,Ludhiana,32.0,ZT_retain,0.4276743446982561,20.66212602691267,-11.33787397308733,-0.5668936986543665,-2.080499874061525,0.8986767206108257
79,Ludhiana,32.0,ZT_FYM,1.277674344698256,25.71164774811511,-6.288352251884891,-0.31441761259424456,-1.1539126382208775,1.8252639564514732
80,Ludhiana,29.0,CT_burn,0.7190738446220968,15.038577545406095,-13.961422454593905,-0.6980711227296952,-2.5619210204179814,0.0
80,Ludhiana,29.0,ZT_retain,1.4980705096293685,22.193708523636865,-6.8062914763631355,-0.3403145738181568,-1.2489544859126354,1.312966534505346
80,Ludhiana,29.0,ZT_FYM,2.3480705096293684,29.249282434340614,0.24928243434061415,0.012464121717030707,0.0457433267015027,2.607664347119484
81,Ludhiana,31.0,CT_burn,0.7696872067780964,16.07743907650617,-14.92256092349383,-0.7461280461746915,-2.738289929461118,0.0
81,Ludhiana,31.0,ZT_retain,1.6035150141210344,23.730960045820375,-7.269039954179625,-0.3634519977089813,-1.3338688315919613,1.4044210978691565
81,Ludhiana,31.0,ZT_FYM,2.4535150141210345,30.984149742189743,-0.015850257810257062,-0.0007925128905128531,-0.002908522308182171,2.7353814071529357
82,Ludhiana,29.0,CT_burn,0.6685541521397399,14.953645786585794,-14.046354213414206,-0.7023177106707104,-2.577505998161507,0.0
82,Ludhiana,29.0,ZT_retain,1.3928211502911247,21.864958423656187,-7.135041576343813,-0.3567520788171906,-1.3092801292590897,1.2682258689024175
82,Ludhiana,29.0,ZT_FYM,2.2428211502911246,28.723282274371435,-0.2767177256285649,-0.013835886281428244,-0.05077770265284166,2.5267282955086654
83,Ludhiana,32.0,CT_burn,0.3857473685021685,15.908860375412088,-16.09113962458791,-0.8045569812293956,-2.9527241211118818,0.0
83,Ludhiana,32.0,ZT_retain,0.8036403510461845,21.836469157867338,-10.163530842132662,-0.5081765421066331,-1.8650079095313434,1.0877162115805383
83,Ludhiana,32.0,ZT_FYM,1.6536403510461843,27.59059675764271,-4.409403242357289,-0.22047016211786447,-0.8091254949725626,2.143598626139319
84,Ludhiana,32.0,CT_burn,0.5393990316405578,16.167173626241212,-15.832826373758788,-0.7916413186879394,-2.9053236395847377,0.0
84,Ludhiana,32.0,ZT_retain,1.1237479825844954,22.836336677579546,-9.163663322420454,-0.4581831661210227,-1.6815322196641533,1.2237914199205844
84,Ludhiana,32.0,ZT_FYM,1.9737479825844957,29.190384789182247,-2.8096152108177535,-0.14048076054088768,-0.5155643911850578,2.38975924839968
85,Ludhiana,27.0,CT_burn,0.4560294142561056,13.642585094369043,-13.357414905630957,-0.6678707452815479,-2.4510856351832806,0.0
85,Ludhiana,27.0,ZT_retain,0.95006127970022,19.27409041366313,-7.7259095863368685,-0.38629547931684344,-1.4177044090928155,1.0333812260904651
85,Ludhiana,27.0,ZT_FYM,1.8000612797002202,25.30262858602682,-1.6973714139731797,-0.08486857069865898,-0.3114676544640785,2.139617980719202
86,Ludhiana,33.0,CT_burn,0.517500986676363,16.607245626715812,-16.392754373284188,-0.8196377186642094,-3.0080704274976484,0.0
86,Ludhiana,33.0,ZT_retain,1.0781270555757565,23.297784036677676,-9.702215963322324,-0.4851107981661162,-1.7803566292696464,1.227713798228002
86,Ludhiana,33.0,ZT_FYM,1.9281270555757564,29.566332999917158,-3.433667000082842,-0.1716833500041421,-0.6300778945152015,2.377992532982447
87,Ludhiana,30.0,CT_burn,0.8547021527038733,15.74347677596355,-14.25652322403645,-0.7128261612018225,-2.616072011610689,0.0
87,Ludhiana,30.0,ZT_retain,1.7806294847997362,23.680237425572212,-6.319762574427788,-0.31598812872138937,-1.159676432407499,1.4563955792031897
87,Ludhiana,30.0,ZT_FYM,2.630629484799736,31.26536111361479,1.2653611136147909,0.06326805568073954,0.2321937643483141,2.848265775959003
88,Ludhiana,33.0,CT_burn,0.9038472185726346,17.256756013185523,-15.743243986814477,-0.7871621993407238,-2.8888852715804565,0.0
88,Ludhiana,33.0,ZT_retain,1.883015038692989,25.811880146970847,-7.1881198530291535,-0.3594059926514577,-1.3190199930308497,1.5698652785496068
88,Ludhiana,33.0,ZT_FYM,2.733015038692989,33.588886776386055,0.5888867763860546,0.02944433881930273,0.10806072346684102,2.9969459950472976
89,Ludhiana,27.0,CT_burn,0.7221811224481206,14.090029082625131,-12.909970917374869,-0.6454985458687434,-2.3689796633382882,0.0
89,Ludhiana,27.0,ZT_retain,1.5045440051002512,21.006036836510695,-5.993963163489305,-0.2996981581744652,-1.0998922405002873,1.269087422838001
89,Ludhiana,27.0,ZT_FYM,2.354544005100251,28.07374286258306,1.0737428625830603,0.053687143129153014,0.19703181528399155,2.5660114786222796
90,Ludhiana,31.0,CT_burn,0.6966949692971832,15.95472734163865,-15.04527265836135,-0.7522636329180675,-2.7608075328093076,0.0
90,Ludhiana,31.0,ZT_retain,1.451447852702465,23.255972883575765,-7.744027116424235,-0.38720135582121173,-1.421028975863847,1.3397785569454606
90,Ludhiana,31.0,ZT_FYM,2.301447852702465,30.224170282598255,-0.775829717401745,-0.03879148587008725,-0.14236475314322022,2.618442779666087
91,Ludhiana,28.0,CT_burn,0.7237040425942031,14.569475506464977,-13.430524493535023,-0.6715262246767512,-2.4645012445636767,0.0
91,Ludhiana,28.0,ZT_retain,1.5077167554045898,21.619892974113245,-6.380107025886755,-0.3190053512943377,-1.1707496392502195,1.2937516053134572
91,Ludhiana,28.0,ZT_FYM,2.35771675540459,28.693545118924703,0.6935451189247033,0.034677255946235164,0.12726552932268304,2.5917667738863597
92,Ludhiana,30.0,CT_burn,0.5782144501887194,15.27865631263628,-14.72134368736372,-0.7360671843681861,-2.701366566631243,0.0
92,Ludhiana,30.0,ZT_retain,1.2046134378931654,21.881030910666116,-8.118969089333884,-0.4059484544666942,-1.4898308278927677,1.2115357387384753
92,Ludhiana,30.0,ZT_FYM,2.054613437893165,28.386630689764957,-1.6133693102350435,-0.08066846551175218,-0.2960532684281305,2.4053132982031125
93,Ludhiana,29.0,CT_burn,0.5648198769339317,14.779251723394395,-14.220748276605605,-0.7110374138302802,-2.609507308757128,0.0
93,Ludhiana,29.0,ZT_retain,1.176708076945691,21.189921588124136,-7.810078411875864,-0.3905039205937932,-1.433149388579221,1.176357920177907
93,Ludhiana,29.0,ZT_FYM,2.026708076945691,27.643223337520144,-1.3567766624798558,-0.06783883312399279,-0.24896851756505353,2.3605387911920745
94,Ludhiana,33.0,CT_burn,0.4385261364261732,16.47447615396691,-16.52552384603309,-0.8262761923016544,-3.0324336257470716,0.0
94,Ludhiana,33.0,ZT_retain,0.9135961175545276,22.783865826966025,-10.216134173033975,-0.5108067086516987,-1.8746606207517345,1.1577730049953372
94,Ludhiana,33.0,ZT_FYM,1.7635961175545276,28.744063864378354,-4.255936135621646,-0.2127968067810823,-0.780964280886572,2.2514693448604994
95,Ludhiana,29.0,CT_burn,0.5690007945494245,14.786280520861666,-14.213719479138334,-0.7106859739569167,-2.6082175244218844,0.0
95,Ludhiana,29.0,ZT_retain,1.185418321977968,21.217128346846703,-7.782871653153297,-0.38914358265766485,-1.42815694835363,1.1800605760682543
95,Ludhiana,29.0,ZT_FYM,2.035418321977968,27.686754151476197,-1.3132458485238026,-0.06566229242619012,-0.24098061320411773,2.3672369112177667
96,Ludhiana,30.0,CT_burn,1.0581008035754664,16.085422744186367,-13.914577255813633,-0.6957288627906817,-2.553324926441802,0.0
96,Ludhiana,30.0,ZT_retain,2.2043766741155557,25.003826773099334,-4.996173226900666,-0.2498086613450333,-0.9167977871362721,1.6365271393055298
96,Ludhiana,30.0,ZT_FYM,3.054376674115556,33.383104069658195,3.383104069658195,0.16915520348290974,0.6207995967822787,3.1741245232240805
97,Ludhiana,29.0,CT_burn,0.7643411063384081,15.114679120170955,-13.885320879829045,-0.6942660439914523,-2.54795638144863,0.0
97,Ludhiana,29.0,ZT_retain,1.5923773048716836,22.488279137270304,-6.511720862729696,-0.3255860431364848,-1.1949007783108994,1.3530556031377308
97,Ludhiana,29.0,ZT_FYM,2.4423773048716835,29.720595416153916,0.7205954161539161,0.0360297708076958,0.13222925886424358,2.6801856403128737
98,Ludhiana,31.0,CT_burn,0.5085448846522466,15.638416674928667,-15.361583325071333,-0.7680791662535666,-2.8188505401505894,0.0
98,Ludhiana,31.0,ZT_retain,1.0594685096921803,22.031611528644394,-8.968388471355606,-0.4484194235677803,-1.6456992844937537,1.1731512556568358
98,Ludhiana,31.0,ZT_FYM,1.9094685096921804,28.265192114708107,-2.734807885291893,-0.13674039426459467,-0.5018372469510625,2.317013293199527
99,Ludhiana,31.0,CT_burn,0.4811290910694004,15.592326299986992,-15.407673700013008,-0.7703836850006505,-2.827308123952387,0.0
99,Ludhiana,31.0,ZT_retain,1.0023522730612509,21.853206941471505,-9.146793058528495,-0.45733965292642476,-1.6784365262399787,1.1488715977124082
99,Ludhiana,31.0,ZT_FYM,1.8523522730612507,27.979744775231616,-3.020255224768384,-0.1510127612384192,-0.5542168337449984,2.2730912902073888
100,Ludhiana,29.0,CT_burn,0.3982197137770906,14.499169953664607,-14.500830046335393,-0.7250415023167697,-2.6609023135025445,0.0
100,Ludhiana,29.0,ZT_retain,0.8296244037022721,20.10579344712736,-8.894206552872639,-0.44471032764363194,-1.6320869024521292,1.0288154110504153
100,Ludhiana,29.0,ZT_FYM,1.679624403702272,25.908618311925405,-3.091381688074595,-0.15456908440372974,-0.5672685397616881,2.0936337737408564
101,Ludhiana,30.0,CT_burn,0.659867017864576,15.415927460660876,-14.584072539339124,-0.7292036269669562,-2.676177310968729,0.0
101,Ludhiana,30.0,ZT_retain,1.3747229538845334,22.412374006162928,-7.587625993837072,-0.37938129969185364,-1.3923293698691028,1.2838479410996262
101,Ludhiana,30.0,ZT_FYM,2.224722953884533,29.236779642560016,-0.7632203574399838,-0.038161017871999194,-0.14005093559023704,2.536126375378492
102,Ludhiana,32.0,CT_burn,0.663494450467745,16.37579805890604,-15.624201941093961,-0.781210097054698,-2.867041056190742,0.0
102,Ludhiana,32.0,ZT_retain,1.3822801051411355,23.643870915062177,-8.356129084937823,-0.41780645424689117,-1.5333496870860905,1.3336913691046512
102,Ludhiana,32.0,ZT_FYM,2.232280105141136,30.482439569154337,-1.5175604308456627,-0.07587802154228314,-0.2784723390601791,2.5885687171305625
103,Ludhiana,30.0,CT_burn,0.3,14.810932907708587,-15.189067092291413,-0.7594533546145706,-2.787193811435474,0.0
103,Ludhiana,30.0,ZT_retain,0.5750264709195873,19.91449373038756,-10.085506269612441,-0.504275313480622,-1.850690400473883,0.9365034109615913
103,Ludhiana,30.0,ZT_FYM,1.4250264709195872,25.240171201319395,-4.759828798680605,-0.23799143993403024,-0.873428584557891,1.913765226877583
104,Ludhiana,31.0,CT_burn,0.6835139936574476,15.932567993688624,-15.067432006311376,-0.7533716003155688,-2.7648737731581376,0.0
104,Ludhiana,31.0,ZT_retain,1.4239874867863491,23.17019945847175,-7.82980054152825,-0.3914900270764125,-1.4367683993704339,1.3281053737877038
104,Ludhiana,31.0,ZT_FYM,2.273987486786349,30.08693280243195,-0.9130671975680507,-0.045653359878402536,-0.1675478307537373,2.5973259424044004
105,Ludhiana,29.0,CT_burn,0.4605274564664934,14.603919327912754,-14.396080672087246,-0.7198040336043623,-2.6416808033280095,0.0
105,Ludhiana,29.0,ZT_retain,0.9594322009718614,20.511252697416285,-8.488747302583715,-0.42443736512918573,-1.5576851300241117,1.0839956733038978
105,Ludhiana,29.0,ZT_FYM,1.8094322009718613,26.55735311238749,-2.4426468876125114,-0.12213234438062556,-0.4482257038768958,2.1934550994511137
106,Ludhiana,31.0,CT_burn,0.8821235082842341,16.26646265073918,-14.733537349260821,-0.7366768674630411,-2.7036041035893605,0.0
106,Ludhiana,31.0,ZT_retain,1.837757308925488,24.462624146399065,-6.537375853600935,-0.32686879268004676,-1.1996084691357716,1.503995634453589
106,Ludhiana,31.0,ZT_FYM,2.687757308925488,32.1548123031156,1.1548123031155981,0.057740615155779905,0.21190805762171225,2.9155121612110726
107,Ludhiana,29.0,CT_burn,0.6139254493583238,14.861806118105719,-14.138193881894281,-0.706909694094714,-2.5943585773276006,0.0
107,Ludhiana,29.0,ZT_retain,1.2790113528298412,21.509469492137473,-7.490530507862527,-0.37452652539312636,-1.3745123481927737,1.2198462291348269
107,Ludhiana,29.0,ZT_FYM,2.129011352829841,28.154499983941328,-0.8455000160586721,-0.0422750008029336,-0.15514925294676632,2.439209324380834
108,Ludhiana,31.0,CT_burn,0.9435845864882416,16.36978864530415,-14.630211354695849,-0.7315105677347924,-2.684643783586688,0.0
108,Ludhiana,31.0,ZT_retain,1.9658012218505037,24.862573841491717,-6.137426158508283,-0.30687130792541417,-1.12621770008627,1.5584260835004178
108,Ludhiana,31.0,ZT_FYM,2.8158012218505037,32.7947318152638,1.7947318152638019,0.0897365907631901,0.3293332881009077,3.0139770716875955
109,Ludhiana,32.0,CT_burn,0.4840436213424748,16.074112245108033,-15.925887754891967,-0.7962943877445984,-2.922400403022676,0.0
109,Ludhiana,32.0,ZT_retain,1.008424211130156,22.476118794695076,-9.523881205304924,-0.47619406026524624,-1.7476322011734537,1.174768201849222
109,Ludhiana,32.0,ZT_FYM,1.858424211130156,28.614036176567062,-3.385963823432938,-0.1692981911716469,-0.6213243615999441,2.3010760414227316
110,Ludhiana,31.0,CT_burn,0.519977807390811,15.657637263751027,-15.342362736248973,-0.7671181368124487,-2.8153235621016868,0.0
110,Ludhiana,31.0,ZT_retain,1.0832870987308565,22.10600973474361,-8.893990265256392,-0.4446995132628196,-1.6320472136745479,1.183276348427139
110,Ludhiana,31.0,ZT_FYM,1.9332870987308564,28.384229244466955,-2.6157707555330454,-0.13078853777665228,-0.47999393364031384,2.335329628461373
111,Ludhiana,31.0,CT_burn,0.6441195239994029,15.866339530460642,-15.133660469539358,-0.7566830234769679,-2.777026696160472,0.0
111,Ludhiana,31.0,ZT_retain,1.341915674998756,22.913845248808073,-8.086154751191927,-0.40430773755959637,-1.4838093968437187,1.2932172993167534
111,Ludhiana,31.0,ZT_FYM,2.191915674998756,29.676766066969947,-1.3232339330300533,-0.06616169665150266,-0.24281342671101477,2.5342132694494572
112,Ludhiana,32.0,CT_burn,0.8038162807835506,16.611701708829724,-15.388298291170276,-0.7694149145585139,-2.823752736429746,0.0
112,Ludhiana,32.0,ZT_retain,1.6746172516323972,24.556996341585993,-7.443003658414007,-0.37215018292070035,-1.3657911713189703,1.4579615651107756
112,Ludhiana,32.0,ZT_FYM,2.5246172516323973,31.943440251592552,-0.05655974840744804,-0.002827987420372402,-0.010378713832766714,2.813374022596979
113,Ludhiana,28.0,CT_burn,0.7003143815981082,14.530153710369351,-13.469846289630649,-0.6734923144815325,-2.4717167941472242,0.0
113,Ludhiana,28.0,ZT_retain,1.4589882949960589,21.46768790291898,-6.532312097081022,-0.32661560485405106,-1.1986792698143673,1.2730375243328569
113,Ludhiana,28.0,ZT_FYM,2.308988294996059,28.450017005014207,0.4500170050142067,0.022500850250710337,0.08257812042010694,2.5542949145673313
114,Ludhiana,31.0,CT_burn,0.3202797430847388,15.321912578957193,-15.678087421042807,-0.7839043710521404,-2.8769290417613553,0.0
114,Ludhiana,31.0,ZT_retain,0.6672494647598725,20.806501456273484,-10.193498543726516,-0.5096749271863258,-1.8705069827738157,1.0064220589875397
114,Ludhiana,31.0,ZT_FYM,1.5172494647598724,26.30501599891469,-4.694984001085309,-0.23474920005426547,-0.8615295641991543,2.015399477562201
115,Ludhiana,28.0,CT_burn,0.6194286281810389,14.394171700906075,-13.605828299093925,-0.6802914149546962,-2.4966694928837354,0.0
115,Ludhiana,28.0,ZT_retain,1.2904763087104978,20.9413347480147,-7.0586652519853,-0.352933262599265,-1.2952650737393026,1.2014044191444329
115,Ludhiana,28.0,ZT_FYM,2.1404763087104977,27.607851957167377,-0.3921480428326234,-0.019607402141631168,-0.07195916585978639,2.424710327023949
116,Ludhiana,31.0,CT_burn,0.5854980887797666,15.767787434176409,-15.232212565823591,-0.7616106282911795,-2.795111005828629,0.0
116,Ludhiana,31.0,ZT_retain,1.219787684957847,22.532374148282237,-8.467625851717763,-0.42338129258588814,-1.5538093437902094,1.2413016620384196
116,Ludhiana,31.0,ZT_FYM,2.069787684957847,29.066412306128647,-1.9335876938713525,-0.09667938469356763,-0.3548133418253932,2.4402976640032357
117,Ludhiana,30.0,CT_burn,0.4901807130409745,15.13065738857137,-14.86934261142863,-0.7434671305714315,-2.728524369197154,0.0
117,Ludhiana,30.0,ZT_retain,1.0212098188353635,21.308163213597094,-8.691836786402906,-0.4345918393201453,-1.594952050304933,1.1335723188922209
117,Ludhiana,30.0,ZT_FYM,1.8712098188353636,27.470042374454664,-2.529957625545336,-0.1264978812772668,-0.46424722428756915,2.2642771449095846
118,Ludhiana,31.0,CT_burn,0.4439201621411336,15.529772083553487,-15.470227916446513,-0.7735113958223256,-2.838786822667935,0.0
118,Ludhiana,31.0,ZT_retain,0.9248336711273618,21.611074843980706,-9.388925156019294,-0.4694462578009647,-1.7228677661295404,1.1159190565383945
118,Ludhiana,31.0,ZT_FYM,1.7748336711273618,27.5923334192462,-3.4076665807538014,-0.17038332903769007,-0.6253068175683225,2.2134800050996124
119,Ludhiana,30.0,CT_burn,0.9498883129504336,15.903500077924765,-14.096499922075235,-0.7048249961037618,-2.5867077357008057,0.0
119,Ludhiana,30.0,ZT_retain,1.9789339853134036,24.299648553396707,-5.7003514466032925,-0.2850175723301646,-1.0460144904517041,1.5406932452491016
119,Ludhiana,30.0,ZT_FYM,2.8289339853134035,32.256418918133996,2.2564189181339955,0.11282094590669978,0.4140528714775882,3.000760607178394
120,Ludhiana,31.0,CT_burn,0.4983503751364379,15.62127805865951,-15.37872194134049,-0.7689360970670245,-2.82199547623598,0.0
120,Ludhiana,31.0,ZT_retain,1.0382299482009123,21.96527212992864,-9.034727870071361,-0.45173639350356803,-1.6578725641580947,1.164122912077885
120,Ludhiana,31.0,ZT_FYM,1.8882299482009124,28.15904907676316,-2.8409509232368393,-0.14204754616184195,-0.5213144944139599,2.30068098182202
121,Ludhiana,31.0,CT_burn,0.402141139038607,15.45953480102986,-15.54046519897014,-0.777023259948507,-2.8516753640110206,0.0
121,Ludhiana,31.0,ZT_retain,0.8377940396637648,21.339203473685753,-9.660796526314247,-0.48303982631571235,-1.7727561625786643,1.0789192014323563
121,Ludhiana,31.0,ZT_FYM,1.6877940396637647,27.15733922677439,-3.84266077322561,-0.1921330386612805,-0.7051282518868994,2.146547112124121
122,Ludhiana,32.0,CT_burn,0.7153582302899875,16.462989445530447,-15.537010554469553,-0.7768505277234776,-2.8510414367451626,0.0
122,Ludhiana,32.0,ZT_retain,1.490329646437474,23.981367482522355,-8.018632517477645,-0.40093162587388226,-1.4714190669571479,1.3796223697880148
122,Ludhiana,32.0,ZT_FYM,2.340329646437474,31.02243407709078,-0.9775659229092213,-0.04887829614546106,-0.17938334685384208,2.6716580898913205
123,Ludhiana,32.0,CT_burn,0.6083875727977879,16.283154501243068,-15.716845498756932,-0.7858422749378466,-2.884041149021897,0.0
123,Ludhiana,32.0,ZT_retain,1.2674741099953917,23.28527032480805,-8.71472967519195,-0.4357364837595975,-1.5991528953977228,1.2848882536241741
123,Ludhiana,32.0,ZT_FYM,2.1174741099953915,29.908678624747747,-2.091321375252253,-0.10456606876261265,-0.38375747235878843,2.5002836766631082
124,Ludhiana,32.0,CT_burn,0.5647881114361901,16.209856768119487,-15.790143231880513,-0.7895071615940257,-2.897491283050074,0.0
124,Ludhiana,32.0,ZT_retain,1.1766418988253962,23.001552697533505,-8.998447302466495,-0.44992236512332473,-1.6512150800026018,1.2462762030474723
124,Ludhiana,32.0,ZT_FYM,2.026641898825396,29.45473042110861,-2.5452695788913893,-0.12726347894456946,-0.4670569677265699,2.430434315323504
125,Ludhiana,33.0,CT_burn,0.7458109424938641,16.991071520164017,-16.008928479835983,-0.8004464239917992,-2.937638376049903,0.0
125,Ludhiana,33.0,ZT_retain,1.553772796862217,24.783480348622245,-8.216519651377755,-0.41082598256888775,-1.507731356027818,1.429907020022085
125,Ludhiana,33.0,ZT_FYM,2.403772796862217,31.94344709902814,-1.0565529009718588,-0.05282764504859294,-0.19387745732833608,2.743760918721567
126,Ludhiana,31.0,CT_burn,0.6839976878365351,15.9333811616898,-15.0666188383102,-0.75333094191551,-2.7647245568299215,0.0
126,Ludhiana,31.0,ZT_retain,1.4249951829927816,23.173347033247463,-7.826652966752537,-0.3913326483376268,-1.4361908193990904,1.328533737430831
126,Ludhiana,31.0,ZT_FYM,2.274995182992781,30.09196892207318,-0.9080310779268217,-0.04540155389634108,-0.16662370279957175,2.5981008540303496
127,Ludhiana,31.0,CT_burn,0.6572945282008709,15.888488839459031,-15.111511160540969,-0.7555755580270485,-2.7729622979592676,0.0
127,Ludhiana,31.0,ZT_retain,1.369363600418481,22.99957981558097,-8.000420184419031,-0.4000210092209516,-1.4680771038408922,1.3048851941183754
127,Ludhiana,31.0,ZT_FYM,2.219363600418481,29.81394137380675,-1.186058626193251,-0.059302931309662556,-0.21764175790646156,2.555320540052806
128,Ludhiana,32.0,CT_burn,0.7844391423034656,16.579125610853794,-15.420874389146206,-0.7710437194573103,-2.829730450408329,0.0
128,Ludhiana,32.0,ZT_retain,1.63424821313222,24.430902220666834,-7.569097779333166,-0.3784548889666583,-1.388929442507636,1.440801007900693
128,Ludhiana,32.0,ZT_FYM,2.48424821313222,31.74168965812176,-0.2583103418782393,-0.012915517093911966,-0.047399947734656916,2.782330502673672
129,Ludhiana,33.0,CT_burn,0.6407040127139078,16.814369803035888,-16.185630196964112,-0.8092815098482056,-2.9700631411429144,0.0
129,Ludhiana,33.0,ZT_retain,1.334800026487308,24.09951114817828,-8.90048885182172,-0.445024442591086,-1.6332397043092854,1.336823436833629
129,Ludhiana,33.0,ZT_FYM,2.184800026487308,30.84909637831791,-2.1509036216820903,-0.10754518108410452,-0.39469081457866356,2.575372326564251
130,Ludhiana,34.0,CT_burn,0.4505060843520921,16.971502529657954,-17.028497470342046,-0.8514248735171023,-3.1247292858077653,0.0
130,Ludhiana,34.0,ZT_retain,0.938554342400192,23.465769665558145,-10.534230334441855,-0.5267115167220927,-1.9330312663700802,1.1916980194376852
130,Ludhiana,34.0,ZT_FYM,1.7885543424001922,29.47274244230344,-4.5272575576965615,-0.22636287788482806,-0.830751761837319,2.2939775239704465
131,Ludhiana,31.0,CT_burn,0.5042859933577546,15.631256791119032,-15.368743208880968,-0.7684371604440484,-2.8201643788296575,0.0
131,Ludhiana,31.0,ZT_retain,1.050595819495322,22.003897366699345,-8.996102633300655,-0.4498051316650328,-1.6507848332106703,1.1693795456189873
131,Ludhiana,31.0,ZT_FYM,1.9005958194953216,28.220849455595957,-2.779150544404043,-0.13895752722020216,-0.5099741248981419,2.310190253931516
132,Ludhiana,29.0,CT_burn,0.4707706427837293,14.621139777743235,-14.378860222256765,-0.7189430111128383,-2.6385208507841167,0.0
132,Ludhiana,29.0,ZT_retain,0.9807721724661028,20.57790885386629,-8.42209114613371,-0.4211045573066855,-1.5454537253155358,1.0930671254685809
132,Ludhiana,29.0,ZT_FYM,1.8307721724661028,26.664002962707517,-2.3359970372924828,-0.11679985186462413,-0.42865545634317054,2.2098653944409463
133,Ludhiana,30.0,CT_burn,0.6250932984334582,15.35746722452555,-14.64253277547445,-0.7321266387737225,-2.6869047642995616,0.0
133,Ludhiana,30.0,ZT_retain,1.3022777050697043,22.18608870674875,-7.813911293251248,-0.3906955646625624,-1.433852722311604,1.2530520419879576
133,Ludhiana,30.0,ZT_FYM,2.1522777050697046,28.87472316349734,-1.1252768365026604,-0.05626384182513302,-0.2064882994982382,2.4804164648013236
134,Ludhiana,30.0,CT_burn,0.3531295903342511,14.900252326152474,-15.099747673847526,-0.7549873836923763,-2.770803698151021,0.0
134,Ludhiana,30.0,ZT_retain,0.7356866465296898,20.41632147667351,-9.58367852332649,-0.47918392616632455,-1.758605009030411,1.0121986891206098
134,Ludhiana,30.0,ZT_FYM,1.5856866465296895,26.04309559537687,-3.956904404623131,-0.19784522023115655,-0.7260919582483445,2.0447117399026764
135,Ludhiana,28.0,CT_burn,0.3,13.857160609271935,-14.142839390728065,-0.7071419695364033,-2.5952110281986,0.0
135,Ludhiana,28.0,ZT_retain,0.4037325746394266,18.171559301721214,-9.828440698278786,-0.4914220349139393,-1.8035188681341572,0.7916921600644427
135,Ludhiana,28.0,ZT_FYM,1.2537325746394266,23.176211243097782,-4.823788756902218,-0.24118943784511088,-0.8851652368915569,1.710045791307043
136,Ludhiana,29.0,CT_burn,0.5994183200751811,14.837417291790404,-14.162582708209596,-0.7081291354104798,-2.598833926956461,0.0
136,Ludhiana,29.0,ZT_retain,1.248788166823294,21.41506630067037,-7.584933699329628,-0.3792466849664814,-1.3918353338269867,1.2069985931294742
136,Ludhiana,29.0,ZT_FYM,2.098788166823294,28.003454877594123,-0.9965451224058768,-0.04982725612029384,-0.18286602996147838,2.4159678969949825
137,Ludhiana,32.0,CT_burn,0.3,15.764705206145226,-16.235294793854774,-0.8117647396927387,-2.9791765946723507,0.0
137,Ludhiana,32.0,ZT_retain,0.6219309580194947,21.26889343578639,-10.731106564213611,-0.5365553282106805,-1.9691580545331975,1.0100185401391533
137,Ludhiana,32.0,ZT_FYM,1.4719309580194948,26.682475602312994,-5.317524397687006,-0.2658762198843503,-0.9757657269755655,2.0034108676967852
138,Ludhiana,30.0,CT_burn,0.3,14.810932907708587,-15.189067092291413,-0.7594533546145706,-2.787193811435474,0.0
138,Ludhiana,30.0,ZT_retain,0.3511296366401452,19.215144042013634,-10.784855957986366,-0.5392427978993183,-1.979021068290498,0.8081727431449761
138,Ludhiana,30.0,ZT_FYM,1.2011296366401452,24.121211699921144,-5.878788300078856,-0.2939394150039428,-1.0787576530644702,1.708436158371004
139,Ludhiana,32.0,CT_burn,0.6596474615420848,16.369330649474936,-15.630669350525064,-0.7815334675262532,-2.868227825821349,0.0
139,Ludhiana,32.0,ZT_retain,1.3742655448793433,23.6188371523492,-8.381162847650799,-0.41905814238253997,-1.5379433825439217,1.3302844432774275
139,Ludhiana,32.0,ZT_FYM,2.224265544879344,30.442385548813498,-1.5576144511865024,-0.07788072255932513,-0.2858222517927232,2.582405574028626
140,Ludhiana,32.0,CT_burn,0.4306255649787082,15.984307868699304,-16.015692131300696,-0.8007846065650348,-2.9388795060936777,0.0
140,Ludhiana,32.0,ZT_retain,0.8971365937056422,22.12850798181261,-9.87149201818739,-0.49357460090936944,-1.8114187853373858,1.127460720756292
140,Ludhiana,32.0,ZT_FYM,1.7471365937056422,28.05785887595492,-3.9421411240450794,-0.19710705620225397,-0.723382896262272,2.2154966098314057
141,Ludhiana,34.0,CT_burn,0.6855816891768929,17.36670257131471,-16.63329742868529,-0.8316648714342645,-3.0522100781637507,0.0
141,Ludhiana,34.0,ZT_retain,1.4282951857851935,24.995492527908898,-9.004507472091102,-0.4502253736045551,-1.6523271211287172,1.3998829570350335
141,Ludhiana,34.0,ZT_FYM,2.2782951857851934,31.9202990220649,-2.079700977935101,-0.10398504889675504,-0.381625129451091,2.67058494871266
142,Ludhiana,32.0,CT_burn,0.4686836875935163,16.048289716811343,-15.951710283188657,-0.7975855141594328,-2.9271388369651183,0.0
142,Ludhiana,32.0,ZT_retain,0.976424349153159,22.376166092935566,-9.623833907064434,-0.4811916953532217,-1.7659735219463237,1.1611653150187946
142,Ludhiana,32.0,ZT_FYM,1.826424349153159,28.45411185375184,-3.54588814624816,-0.177294407312408,-0.6506704748365374,2.276468362128581
143,Ludhiana,33.0,CT_burn,0.3438415436109815,16.315296067829397,-16.684703932170603,-0.8342351966085302,-3.061643171553306,0.0
143,Ludhiana,33.0,ZT_retain,0.7163365491895449,22.167718581701187,-10.832281418298813,-0.5416140709149406,-1.987723640257832,1.073919531295474
143,Ludhiana,33.0,ZT_FYM,1.566336549189545,27.75822827195461,-5.241771728045389,-0.26208858640226945,-0.9618651120963289,2.099778059456977
144,Ludhiana,31.0,CT_burn,0.3181691010736096,15.318364249000382,-15.681635750999618,-0.7840817875499809,-2.87758016030843,0.0
144,Ludhiana,31.0,ZT_retain,0.6628522939033533,20.7927667374325,-10.207233262567499,-0.5103616631283749,-1.873027303681136,1.004552856627294
144,Ludhiana,31.0,ZT_FYM,1.5128522939033533,26.28304044876908,-4.7169595512309215,-0.23584797756154607,-0.8655620776508741,2.0120180826575558
145,Ludhiana,35.0,CT_burn,0.4720473705649763,17.484603058564886,-17.515396941435114,-0.8757698470717556,-3.214075338753343,0.0
145,Ludhiana,35.0,ZT_retain,0.9834320220103674,24.209892626305006,-10.790107373694994,-0.5395053686847497,-1.9799847030730315,1.2340906356803114
145,Ludhiana,35.0,ZT_FYM,1.8334320220103677,30.300971615676463,-4.699028384323537,-0.23495141921617685,-0.862271708523369,2.351803630229974
146,Ludhiana,31.0,CT_burn,0.5230615513208914,15.662821535128543,-15.337178464871457,-0.7668589232435729,-2.814372248303912,0.0
146,Ludhiana,31.0,ZT_retain,1.0897115652518572,22.126076783364006,-8.873923216635994,-0.4436961608317997,-1.628364910252705,1.1860073380512073
146,Ludhiana,31.0,ZT_FYM,1.9397115652518573,28.416336522259538,-2.583663477740462,-0.1291831738870231,-0.4741022481653748,2.3402700001385375
147,Ludhiana,33.0,CT_burn,0.40688523025578,16.421282682675272,-16.578717317324728,-0.8289358658662364,-3.042194627729087,0.0
147,Ludhiana,33.0,ZT_retain,0.847677563032875,22.577966888237697,-10.422033111762303,-0.5211016555881152,-1.9124430760083826,1.1297515517207046
147,Ludhiana,33.0,ZT_FYM,1.697677563032875,28.41462556241308,-4.585374437586921,-0.22926872187934605,-0.8414162092972,2.200778418431887
148,Ludhiana,31.0,CT_burn,0.5214300088138061,15.660078648782449,-15.339921351217551,-0.7669960675608776,-2.8148755679484205,0.0
148,Ludhiana,31.0,ZT_retain,1.086312518362096,22.11545974006915,-8.884540259930851,-0.44422701299654255,-1.630313137697311,1.1845624302511095
148,Ludhiana,31.0,ZT_FYM,1.936312518362096,28.39934925298769,-2.6006507470123097,-0.13003253735061548,-0.47721941207675883,2.3376561558716618
149,Karnal,34.0,CT_burn,0.3,18.315745859580982,-15.684254140419018,-0.7842127070209509,-2.87806063476689,0.0
149,Karnal,34.0,ZT_retain,0.5341149896665115,23.59076908813404,-10.409230911865961,-0.520461545593298,-1.9100938723274037,0.9679667624394861
149,Karnal,34.0,ZT_FYM,1.3841149896665117,28.998579307405723,-5.001420692594277,-0.2500710346297138,-0.9177606970910497,1.96029993767584
150,Karnal,31.0,CT_burn,0.5838600651789897,17.243808901429357,-13.756191098570643,-0.6878095549285321,-2.5242610665877128,0.0
150,Karnal,31.0,ZT_retain,1.2163751357895618,23.856427503073977,-7.143572496926023,-0.35717862484630114,-1.310845553185925,1.2134155134017877
150,Karnal,31.0,ZT_FYM,2.0663751357895617,30.58156047118024,-0.41843952881976065,-0.020921976440988033,-0.07678365353842607,2.447477413049287
151,Karnal,34.0,CT_burn,0.3,18.315745859580982,-15.684254140419018,-0.7842127070209509,-2.87806063476689,0.0
151,Karnal,34.0,ZT_retain,0.4207945536078336,23.22609981162178,-10.77390018837822,-0.538695009418911,-1.9770106845674034,0.9010499501994864
151,Karnal,34.0,ZT_FYM,1.2707945536078336,28.415108464986,-5.584891535013998,-0.2792445767506999,-1.0248275966750686,1.8532330380918212
152,Karnal,32.0,CT_burn,0.5398575458592664,17.689877945205783,-14.310122054794217,-0.7155061027397108,-2.6259073970547386,0.0
152,Karnal,32.0,ZT_retain,1.1247032205401384,24.204717118912924,-7.795282881087076,-0.3897641440543538,-1.4304344086794782,1.1954729883752604
152,Karnal,32.0,ZT_FYM,1.9747032205401385,30.752847956565578,-1.247152043434422,-0.06235760217172111,-0.22885239997021645,2.3970549970845223
153,Karnal,35.0,CT_burn,0.7280685159854463,19.589581521270908,-15.410418478729092,-0.7705209239364545,-2.827811790846788,0.0
153,Karnal,35.0,ZT_retain,1.5168094083030133,27.396408563485725,-7.603591436514275,-0.38017957182571377,-1.3952590286003694,1.4325527622464187
153,Karnal,35.0,ZT_FYM,2.366809408303013,34.70162656801176,-0.29837343198823874,-0.014918671599411936,-0.054751524769841804,2.7730602660769463
154,Karnal,38.0,CT_burn,0.8114174750341066,21.30541176945615,-16.69458823054385,-0.8347294115271925,-3.063456940304796,0.0
154,Karnal,38.0,ZT_retain,1.690453072987722,29.885079679097625,-8.114920320902375,-0.40574601604511873,-1.4890878788855857,1.5743690614192105
154,Karnal,38.0,ZT_FYM,2.540453072987722,37.52557265312016,-0.47442734687984256,-0.023721367343992127,-0.0870574181524511,2.976399522152345
155,Karnal,34.0,CT_burn,0.9428771081387524,19.44301732878678,-14.55698267121322,-0.7278491335606609,-2.6712063201676255,0.0
155,Karnal,34.0,ZT_retain,1.964327308622401,28.193244244006465,-5.806755755993535,-0.2903377877996768,-1.0655396812248137,1.6056666389428118
155,Karnal,34.0,ZT_FYM,2.8143273086224005,36.36253955680151,2.362539556801508,0.11812697784007539,0.43352600867307667,3.104732328840702
156,Karnal,34.0,CT_burn,0.3,18.315745859580982,-15.684254140419018,-0.7842127070209509,-2.87806063476689,0.0
156,Karnal,34.0,ZT_retain,0.5252334353865757,23.56218792408097,-10.43781207591903,-0.5218906037959515,-1.915338515931142,0.9627221188357478
156,Karnal,34.0,ZT_FYM,1.3752334353865758,28.95284944492065,-5.047150555079352,-0.2523575277539676,-0.926152126857061,1.9519085079098288
157,Karnal,37.0,CT_burn,0.7410427623571074,20.65878465832216,-16.34121534167784,-0.8170607670838921,-2.998613015197884,0.0
157,Karnal,37.0,ZT_retain,1.543839088243974,28.769977387841497,-8.230022612158503,-0.41150113060792515,-1.5102091493310852,1.4884038658667988
157,Karnal,37.0,ZT_FYM,2.3938390882439737,36.12738488706721,-0.8726151129327917,-0.04363075564663958,-0.16012487322316726,2.8384881419747168
158,Karnal,32.0,CT_burn,0.835566799397267,18.208397893223026,-13.791602106776974,-0.6895801053388487,-2.530758986593575,0.0
158,Karnal,32.0,ZT_retain,1.740764165410973,26.1872236011262,-5.812776398873801,-0.29063881994369006,-1.0666444691933425,1.4641145174002324
158,Karnal,32.0,ZT_FYM,2.590764165410973,33.924858328106886,1.924858328106886,0.0962429164053443,0.3532115032076136,2.8839704898011886
159,Karnal,36.0,CT_burn,0.7878936351977784,20.217710142454145,-15.782289857545855,-0.7891144928772927,-2.896050188859664,0.0
159,Karnal,36.0,ZT_retain,1.6414450733287052,28.44078382412594,-7.5592161758740595,-0.377960808793703,-1.3871161682728899,1.5089340205867743
159,Karnal,36.0,ZT_FYM,2.491445073328705,35.98665108507921,-0.013348914920790378,-0.0006674457460395189,-0.0024495258879650345,2.893600662971699
160,Karnal,34.0,CT_burn,0.3845268102495625,18.46396184109752,-15.536038158902478,-0.7768019079451239,-2.8508630021586048,0.0
160,Karnal,34.0,ZT_retain,0.8010975213532552,24.449928565963987,-9.550071434036013,-0.4775035717018007,-1.7524381081456084,1.0984248940129964
160,Karnal,34.0,ZT_FYM,1.6510975213532553,30.373234471933753,-3.6267655280662474,-0.18133827640331238,-0.6655114744001565,2.1853515277584483
161,Karnal,28.0,CT_burn,0.6677714907316948,15.821266214898555,-12.178733785101445,-0.6089366892550723,-2.234797649566115,0.0
161,Karnal,28.0,ZT_retain,1.391190605691031,22.4891105308389,-5.5108894691611,-0.275544473458055,-1.0112482175910618,1.2235494319750533
161,Karnal,28.0,ZT_FYM,2.241190605691031,29.55178101547444,1.5517810154744396,0.07758905077372198,0.28475181633955965,2.5195494659056745
162,Karnal,35.0,CT_burn,0.9736437579743732,20.020192535930985,-14.979807464069015,-0.7489903732034507,-2.748794669656664,0.0
162,Karnal,35.0,ZT_retain,2.028424495779944,29.042804485456998,-5.9571955145430024,-0.2978597757271501,-1.0931453769186408,1.6556492927380233
162,Karnal,35.0,ZT_FYM,2.878424495779944,37.33586004316562,2.335860043165617,0.11679300215828085,0.42863031792089074,3.1774249875775546
163,Karnal,36.0,CT_burn,0.3,19.3621989288758,-16.6378010711242,-0.83189005355621,-3.053036496551291,0.0
163,Karnal,36.0,ZT_retain,0.5511995973630982,24.93233430902375,-11.067665690976249,-0.5533832845488125,-2.030916654294142,1.022119842257149
163,Karnal,36.0,ZT_FYM,1.4011995973630982,30.37313186091559,-5.6268681390844115,-0.28134340695422055,-1.0325303035219895,2.020506193029301
164,Karnal,35.0,CT_burn,0.6814025222943318,19.507753684186387,-15.492246315813613,-0.7746123157906807,-2.842827198951798,0.0
164,Karnal,35.0,ZT_retain,1.419588588113191,27.08354843521905,-7.9164515647809495,-0.3958225782390475,-1.4526688621373043,1.3901583368144936
164,Karnal,35.0,ZT_FYM,2.269588588113191,34.20105036278491,-0.7989496372150882,-0.039947481860754405,-0.14660725842896866,2.696219940522829
165,Karnal,31.0,CT_burn,0.8157157505711984,17.65036296255072,-13.34963703744928,-0.667481851872464,-2.4496583963719427,0.0
165,Karnal,31.0,ZT_retain,1.6994078136899966,25.41084419355121,-5.58915580644879,-0.2794577903224395,-1.025610090483353,1.4240483058885898
165,Karnal,31.0,ZT_FYM,2.5494078136899967,33.06862717594378,2.0686271759437815,0.10343135879718908,0.37959308678568393,2.8292514831576265
166,Karnal,30.0,CT_burn,0.433679977492903,16.457244746032757,-13.542755253967243,-0.6771377626983621,-2.485095589102989,0.0
166,Karnal,30.0,ZT_retain,0.9034999531102146,22.20629064195556,-7.793709358044438,-0.3896854679022219,-1.4301456672011543,1.0549499219018346
166,Karnal,30.0,ZT_FYM,1.7534999531102144,28.327317393347585,-1.6726826066524154,-0.08363413033262077,-0.3069372583207182,2.1781583307822707
167,Karnal,31.0,CT_burn,0.7039233280539938,17.454337304175695,-13.545662695824305,-0.6772831347912153,-2.48562910468376,0.0
167,Karnal,31.0,ZT_retain,1.4665069334458205,24.661360707150415,-6.338639292849585,-0.31693196464247925,-1.1631403102378988,1.3224887944458614
167,Karnal,31.0,ZT_FYM,2.3165069334458206,31.86945359770229,0.8694535977022895,0.043472679885114475,0.15954473517837012,2.6451738398621303
168,Karnal,30.0,CT_burn,0.3546275023114833,16.31862789576075,-13.681372104239252,-0.6840686052119626,-2.5105317811279027,0.0
168,Karnal,30.0,ZT_retain,0.738807296482257,21.676303694955866,-8.323696305044134,-0.4161848152522067,-1.5273982719755985,0.9831335091523041
168,Karnal,30.0,ZT_FYM,1.588807296482257,27.479338278148063,-2.520661721851937,-0.12603308609259684,-0.4625414259598304,2.0479903551680723
169,Karnal,35.0,CT_burn,0.4092615476016167,19.030560216742575,-15.969439783257425,-0.7984719891628712,-2.9303922002277374,0.0
169,Karnal,35.0,ZT_retain,0.8526282241700349,25.25904940467114,-9.740950595328862,-0.48704752976644305,-1.787464434242846,1.1429277659848913
169,Karnal,35.0,ZT_FYM,1.7026282241700348,31.281851913908277,-3.7181480860917233,-0.18590740430458616,-0.6822801737978312,2.248112026429906
170,Karnal,32.0,CT_burn,0.4082326518697474,17.459076465804642,-14.540923534195358,-0.7270461767097679,-2.668259468524848,0.0
170,Karnal,32.0,ZT_retain,0.8504846913953072,23.322271938612456,-8.677728061387544,-0.4338864030693772,-1.5923630992646143,1.075896369260234
170,Karnal,32.0,ZT_FYM,1.7004846913953071,29.340935668084825,-2.659064331915175,-0.13295321659575876,-0.48793830490643464,2.1803211636184137
171,Karnal,37.0,CT_burn,0.6214153859905558,20.44902057338778,-16.55097942661222,-0.827548971330611,-3.0371047247833425,0.0
171,Karnal,37.0,ZT_retain,1.2946153874803246,27.967966472527433,-9.032033527472567,-0.45160167637362836,-1.657378152291216,1.3797265724921264
171,Karnal,37.0,ZT_FYM,2.1446153874803247,34.84416742256453,-2.1558325774354685,-0.10779162887177343,-0.39559527795940846,2.641509446823934
172,Karnal,36.0,CT_burn,0.5615847566138795,19.82088229024739,-16.17911770975261,-0.8089558854876305,-2.968868099739604,0.0
172,Karnal,36.0,ZT_retain,1.1699682429455824,26.923554270410452,-9.076445729589548,-0.45382228647947737,-1.665527791379682,1.3033403083599222
172,Karnal,36.0,ZT_FYM,2.0199682429455823,33.55908379913445,-2.4409162008655514,-0.12204581004327757,-0.44790812285882864,2.5209599768807758
173,Karnal,36.0,CT_burn,0.7823091318709,20.20791783348815,-15.79208216651185,-0.7896041083255925,-2.8978470775549243,0.0
173,Karnal,36.0,ZT_retain,1.6298106913977084,28.40334396077023,-7.596656039229771,-0.37983280196148855,-1.393986383198663,1.5038606943562614
173,Karnal,36.0,ZT_FYM,2.4798106913977085,35.92674730371011,-0.07325269628989162,-0.003662634814494581,-0.01344186976919511,2.884405207785729
174,Karnal,31.0,CT_burn,0.3822130510727356,16.89022510916975,-14.109774890830248,-0.7054887445415124,-2.5891436924673505,0.0
174,Karnal,31.0,ZT_retain,0.7962771897348659,22.50453706406479,-8.495462935935208,-0.4247731467967604,-1.5589174487441106,1.03022624372324
174,Karnal,31.0,ZT_FYM,1.646277189734866,28.418535768765274,-2.581464231234726,-0.1290732115617363,-0.47369868643157215,2.1154450060357783
175,Karnal,34.0,CT_burn,0.5530745827004645,18.759506810231972,-15.240493189768028,-0.7620246594884014,-2.7966305003224328,0.0
175,Karnal,34.0,ZT_retain,1.152238713959301,25.57991366940138,-8.420086330598622,-0.4210043165299311,-1.545085841664847,1.2515446586575858
175,Karnal,34.0,ZT_FYM,2.002238713959301,32.181210637433615,-1.8187893625663847,-0.09093946812831924,-0.3337478480309316,2.4628826522915013
176,Karnal,38.0,CT_burn,0.7837793491151723,21.256948897755866,-16.743051102244134,-0.8371525551122068,-3.0723498772617988,0.0
176,Karnal,38.0,ZT_retain,1.6328736439899425,29.699786986579788,-8.300213013420212,-0.4150106506710106,-1.523089087962609,1.5492607892991899
176,Karnal,38.0,ZT_FYM,2.4828736439899424,37.229104345091656,-0.7708956549083439,-0.03854478274541719,-0.1414593526756811,2.9308905245861174
177,Karnal,31.0,CT_burn,0.6992361387760206,17.44611841649578,-13.553881583504221,-0.6776940791752111,-2.4871372705730246,0.0
177,Karnal,31.0,ZT_retain,1.4567419557833765,24.629936654585954,-6.370063345414046,-0.31850316727070227,-1.1689066238834773,1.3182306466895473
177,Karnal,31.0,ZT_FYM,2.306741955783376,31.81917511359932,0.8191751135993215,0.040958755679966076,0.1503186333454755,2.6374559039185
178,Karnal,34.0,CT_burn,0.3010357499252441,18.317562025260465,-15.682437974739535,-0.7841218987369768,-2.8777273683647047,0.0
178,Karnal,34.0,ZT_retain,0.6271578123442586,23.890184268755032,-10.109815731244968,-0.5054907865622484,-1.8551511866834518,1.0225761816812529
178,Karnal,34.0,ZT_FYM,1.4771578123442586,29.477643596399346,-4.522356403600654,-0.22611782018003268,-0.8298524000607199,2.0478749683039847
179,Karnal,38.0,CT_burn,0.7212910182630689,21.147376925700737,-16.852623074299263,-0.8426311537149631,-3.0924563341339146,0.0
179,Karnal,38.0,ZT_retain,1.5026896213813934,29.28085007643993,-8.719149923560071,-0.43595749617800356,-1.5999640109732731,1.4924923231606415
179,Karnal,38.0,ZT_FYM,2.3526896213813933,36.55880528886794,-1.4411947111320629,-0.07205973555660314,-0.26445922949273354,2.827997104641181
180,Karnal,35.0,CT_burn,0.4797581437852758,19.154174513391002,-15.845825486608998,-0.7922912743304499,-2.907708976792751,0.0
180,Karnal,35.0,ZT_retain,0.9994961328859912,25.731675665892,-9.268324334108001,-0.46341621670540006,-1.7007375153088182,1.2069714614839329
180,Karnal,35.0,ZT_FYM,1.8494961328859916,32.038053931861384,-2.961946068138616,-0.14809730340693078,-0.543517103503436,2.364191873289315
181,Karnal,28.0,CT_burn,0.6621936368033501,15.811485565512866,-12.188514434487134,-0.6094257217243567,-2.236592398728389,0.0
181,Karnal,28.0,ZT_retain,1.379570076673646,22.451715246662005,-5.548284753337995,-0.27741423766689977,-1.018110252237522,1.2184821464908668
181,Karnal,28.0,ZT_FYM,2.229570076673646,29.491948560791492,1.4919485607914922,0.07459742803957461,0.2737725609052388,2.5103649596336277
182,Karnal,29.0,CT_burn,0.6443037036528383,16.303342479168492,-12.696657520831508,-0.6348328760415753,-2.3298366550725813,0.0
182,Karnal,29.0,ZT_retain,1.3422993826100795,22.975069966918216,-6.024930033081784,-0.30124650165408917,-1.1055746610705073,1.224261994002074
182,Karnal,29.0,ZT_FYM,2.19229938261008,29.94334021324469,0.9433402132446886,0.04716701066223443,0.17310292913040035,2.5029395842029816
183,Karnal,30.0,CT_burn,0.8383201482941744,17.16677276322939,-12.833227236770611,-0.6416613618385305,-2.3548971979474067,0.0
183,Karnal,30.0,ZT_retain,1.7465003089461968,24.919096386042053,-5.080903613957947,-0.25404518069789733,-0.9323458131612832,1.4225513847861235
183,Karnal,30.0,ZT_FYM,2.596500308946197,32.667806583885984,2.6678065838859837,0.1333903291942992,0.48954250814307804,2.8444397060904847
184,Karnal,33.0,CT_burn,0.6054174592721099,18.328062407236747,-14.671937592763253,-0.7335968796381627,-2.692300548272057,0.0
184,Karnal,33.0,ZT_retain,1.2612863734835622,25.2875398293391,-7.712460170660901,-0.38562300853304504,-1.4152364413162752,1.2770641069557818
184,Karnal,33.0,ZT_FYM,2.111286373483562,32.099388393290674,-0.9006116067093259,-0.045030580335466294,-0.1652622298311613,2.5270383184408955
185,Karnal,33.0,CT_burn,0.3,17.792519324933558,-15.207480675066442,-0.7603740337533221,-2.7905727038746924,0.0
185,Karnal,33.0,ZT_retain,0.3943254165366093,22.497628001161996,-10.502371998838004,-0.5251185999419002,-1.927185261786774,0.8633874420879184
185,Karnal,33.0,ZT_FYM,1.244325416536609,27.63552946820723,-5.364470531792769,-0.26822352658963844,-0.984380342583973,1.8061923612907194
186,Karnal,35.0,CT_burn,0.3,18.83897239422838,-16.16102760577162,-0.8080513802885809,-2.965548565659092,0.0
186,Karnal,35.0,ZT_retain,0.6072617236491545,24.469451099745964,-10.530548900254036,-0.5265274450127018,-1.9323557231966155,1.0331928424624766
186,Karnal,35.0,ZT_FYM,1.4572617236491543,30.018494626027945,-4.981505373972055,-0.24907526869860278,-0.9141062361238722,2.0514423295352198
187,Karnal,35.0,CT_burn,0.7352198062022649,19.602121158049663,-15.397878841950337,-0.7698939420975168,-2.8255107674978865,0.0
187,Karnal,35.0,ZT_retain,1.531707929588052,27.444352545763614,-7.555647454236386,-0.3777823727118193,-1.3864613078523769,1.4390494596455097
187,Karnal,35.0,ZT_FYM,2.381707929588052,34.778336939656185,-0.22166306034381478,-0.011083153017190739,-0.04067517157309001,2.7848355959247963
188,Karnal,37.0,CT_burn,0.5262435904202166,20.282138834309887,-16.717861165690113,-0.8358930582845057,-3.0677275239041357,0.0
188,Karnal,37.0,ZT_retain,1.0963408133754513,27.329911696139316,-9.670088303860684,-0.4835044151930342,-1.7744612037584355,1.2932663201457002
188,Karnal,37.0,ZT_FYM,1.9463408133754512,33.823279780343945,-3.1767202196560547,-0.15883601098280273,-0.582928160306886,2.48479936359725
189,Karnal,34.0,CT_burn,0.8211411774918662,19.22955593833097,-14.770444061669028,-0.7385222030834514,-2.7103764853162664,0.0
189,Karnal,34.0,ZT_retain,1.710710786441388,27.377097069921835,-6.622902930078165,-0.33114514650390825,-1.2153026876693434,1.495073797646923
189,Karnal,34.0,ZT_FYM,2.560710786441388,35.05670407826602,1.0567040782660229,0.05283520391330114,0.1939051983618152,2.9042816836780814
190,Karnal,34.0,CT_burn,0.6385502783470323,18.90938664230729,-15.09061335769271,-0.7545306678846355,-2.7691275511366125,0.0
190,Karnal,34.0,ZT_retain,1.3303130798896503,26.152963442661964,-7.847036557338036,-0.3923518278669018,-1.4399312082715297,1.3291963428650828
190,Karnal,34.0,ZT_FYM,2.1803130798896504,33.09809027465033,-0.9019097253496682,-0.04509548626748341,-0.1655004346016641,2.6036271165349483
191,Karnal,34.0,CT_burn,0.4225973165683049,18.53071767210785,-15.469282327892149,-0.7734641163946074,-2.838613307168209,0.0
191,Karnal,34.0,ZT_retain,0.8804110761839686,24.70516246431194,-9.29483753568806,-0.46474187678440304,-1.7056026877987591,1.13301061936945
191,Karnal,34.0,ZT_FYM,1.7304110761839686,30.781608709290328,-3.218391290709672,-0.1609195645354836,-0.5905748018452247,2.2480385053229845
192,Karnal,36.0,CT_burn,0.809404307653543,20.255428653559616,-15.744571346440384,-0.7872285673220192,-2.8891288420718104,0.0
192,Karnal,36.0,ZT_retain,1.6862589742782146,28.584996584024662,-7.415003415975338,-0.37075017079876693,-1.3606531268314745,1.5284757152403359
192,Karnal,36.0,ZT_FYM,2.5362589742782147,36.21739150091696,0.21739150091696047,0.010869575045848023,0.03989134041826224,2.929020182490073
193,Karnal,30.0,CT_burn,0.4102776096610412,16.416209186927084,-13.583790813072916,-0.6791895406536458,-2.49262561419888,0.0
193,Karnal,30.0,ZT_retain,0.8547450201271694,22.049395497922458,-7.950604502077542,-0.39753022510387714,-1.4589359261312291,1.033689688067651
193,Karnal,30.0,ZT_FYM,1.7047450201271692,28.076285162894447,-1.9237148371055532,-0.09618574185527766,-0.353001672608869,2.139623941590011
194,Karnal,35.0,CT_burn,0.3,18.83897239422838,-16.16102760577162,-0.8080513802885809,-2.965548565659092,0.0
194,Karnal,35.0,ZT_retain,0.3068403763588488,23.502684299550225,-11.497315700449775,-0.5748657850224888,-2.1097574310325338,0.8557911346265583
194,Karnal,35.0,ZT_FYM,1.1568403763588488,28.471667745715,-6.528332254285001,-0.32641661271425004,-1.1979489686612976,1.7675995969977945
195,Karnal,36.0,CT_burn,1.0166736203844735,20.61887102804379,-15.381128971956208,-0.7690564485978104,-2.8224371663539642,0.0
195,Karnal,36.0,ZT_retain,2.1180700424676533,29.97458027522347,-6.02541972477653,-0.3012709862388265,-1.1056645194964931,1.716772646857471
195,Karnal,36.0,ZT_FYM,2.9680700424676534,38.44072540683524,2.4407254068352415,0.12203627034176208,0.44787311215426684,3.270310278508231
196,Karnal,36.0,CT_burn,0.3,19.3621989288758,-16.6378010711242,-0.83189005355621,-3.053036496551291,0.0
196,Karnal,36.0,ZT_retain,0.3692704938462342,24.34687985029153,-11.65312014970847,-0.5826560074854236,-2.1383475474715046,0.9146889490797863
196,Karnal,36.0,ZT_FYM,1.2192704938462342,29.436404726944094,-6.563595273055906,-0.32817976365279533,-1.2044197326057589,1.848616763945532
197,Karnal,31.0,CT_burn,0.7152103958164324,17.47412893977535,-13.525871060224649,-0.6762935530112324,-2.481997339551223,0.0
197,Karnal,31.0,ZT_retain,1.490021657950901,24.737031944139016,-6.262968055860984,-0.31314840279304923,-1.1492546382504907,1.3327427013007322
197,Karnal,31.0,ZT_FYM,2.340021657950901,31.99052757688422,0.9905275768842188,0.04952637884421094,0.18176181035825414,2.663759149909477
198,Karnal,31.0,CT_burn,0.7790854936040719,17.58613257844472,-13.413867421555281,-0.6706933710777641,-2.461444671855394,0.0
198,Karnal,31.0,ZT_retain,1.6230947783418164,25.165266075810234,-5.834733924189766,-0.29173669620948833,-1.0706736750888222,1.390770996766572
198,Karnal,31.0,ZT_FYM,2.4730947783418165,32.6757021875581,1.6757021875581017,0.08378510937790509,0.3074913514169117,2.768936023272306
199,Karnal,29.0,CT_burn,0.6118603102870563,16.24645367220606,-12.753546327793941,-0.637677316389697,-2.340275751150188,0.0
199,Karnal,29.0,ZT_retain,1.2747089797647009,22.757561597183074,-6.242438402816926,-0.31212192014084633,-1.145487446916906,1.1947883042332819
199,Karnal,29.0,ZT_FYM,2.1247089797647005,29.59532682166838,0.5953268216683796,0.02976634108341898,0.10924247177614765,2.4495182229263355
200,Karnal,34.0,CT_burn,0.3,18.315745859580982,-15.684254140419018,-0.7842127070209509,-2.87806063476689,0.0
200,Karnal,34.0,ZT_retain,0.4693053887992411,23.38220944010118,-10.617790559898818,-0.5308895279949409,-1.9483645677414332,0.9296960670254566
200,Karnal,34.0,ZT_FYM,1.3193053887992412,28.66488387055319,-5.33511612944681,-0.2667558064723405,-0.9789938097534896,1.8990668250134002
201,Karnal,32.0,CT_burn,0.7951711543693399,18.137564980456872,-13.862435019543128,-0.6931217509771563,-2.5437568260861636,0.0
201,Karnal,32.0,ZT_retain,1.6566065716027916,25.916401409521097,-6.083598590478903,-0.3041799295239452,-1.1163403413528787,1.4274164847332849
201,Karnal,32.0,ZT_FYM,2.5066065716027914,33.49154282153862,1.4915428215386228,0.07457714107693114,0.27369810775233727,2.817454933838501
202,Karnal,35.0,CT_burn,0.3,18.83897239422838,-16.16102760577162,-0.8080513802885809,-2.965548565659092,0.0
202,Karnal,35.0,ZT_retain,0.5757207646790754,24.36795114891482,-10.63204885108518,-0.531602442554259,-1.9509809641741307,1.0145676014849614
202,Karnal,35.0,ZT_FYM,1.4257207646790753,29.856094704698062,-5.143905295301938,-0.2571952647650969,-0.9439066216879056,2.0216419439711864
203,Karnal,34.0,CT_burn,0.3,18.315745859580982,-15.684254140419018,-0.7842127070209509,-2.87806063476689,0.0
203,Karnal,34.0,ZT_retain,0.6188034314481949,23.863299567786374,-10.136700432213626,-0.5068350216106813,-1.8600845293112003,1.0179761054556895
203,Karnal,34.0,ZT_FYM,1.4688034314481948,29.434628074849464,-4.5653719251505365,-0.22826859625752682,-0.8377457482651234,2.0403148865017666
204,Karnal,36.0,CT_burn,0.5044156523651592,19.720637470010736,-16.279362529989264,-0.8139681264994632,-2.98726302425303,0.0
204,Karnal,36.0,ZT_retain,1.050865942427415,26.540278744198936,-9.459721255801064,-0.4729860627900532,-1.7358588504394952,1.2514041738135346
204,Karnal,36.0,ZT_FYM,1.9008659424274148,32.94584295719589,-3.054157042804107,-0.15270785214020535,-0.5604378173545537,2.426825206898476
205,Karnal,34.0,CT_burn,0.7473321660535097,19.10013339129765,-14.89986660870235,-0.7449933304351175,-2.734125522696881,0.0
205,Karnal,34.0,ZT_retain,1.5569420126114786,26.882263574278515,-7.1177364257214855,-0.3558868212860743,-1.3061046341198927,1.4280208885769883
205,Karnal,34.0,ZT_FYM,2.4069420126114784,34.264970485236844,0.2649704852368444,0.013248524261842221,0.04862208404096095,2.782747606737842
206,Karnal,31.0,CT_burn,0.6441840568903437,17.349585750385128,-13.650414249614872,-0.6825207124807436,-2.5048510148043293,0.0
206,Karnal,31.0,ZT_retain,1.3420501185215494,24.260854159223136,-6.739145840776864,-0.33695729203884317,-1.2366332617825544,1.2682177530217749
206,Karnal,31.0,ZT_FYM,2.192050118521549,31.228643121018735,0.22864312101873452,0.011432156050936726,0.04195601270693778,2.546807027511267
207,Karnal,33.0,CT_burn,0.7520342619583239,18.585151882786437,-14.414848117213563,-0.7207424058606782,-2.6451246295086888,0.0
207,Karnal,33.0,ZT_retain,1.566738045746508,26.270494397886118,-6.729505602113882,-0.3364752801056941,-1.2348642779878973,1.4102603515207914
207,Karnal,33.0,ZT_FYM,2.416738045746508,33.67211570296579,0.6721157029657903,0.03360578514828951,0.12333323149422251,2.7684578610029114
208,Karnal,30.0,CT_burn,0.4871024229884645,16.550919879055687,-13.449080120944313,-0.6724540060472156,-2.4679062021932814,0.0
208,Karnal,30.0,ZT_retain,1.014796714559301,22.564447660119562,-7.435552339880438,-0.3717776169940219,-1.3644238543680602,1.1034823478252211
208,Karnal,30.0,ZT_FYM,1.8647967145593007,28.90036862240989,-1.0996313775901108,-0.05498156887950554,-0.20178235778778533,2.266123844405496
209,Karnal,34.0,CT_burn,0.5444348898793813,18.744357290834536,-15.255642709165464,-0.7627821354582732,-2.7994104371318627,0.0
209,Karnal,34.0,ZT_retain,1.1342393539153777,25.521991075443985,-8.478008924556015,-0.42390044622780076,-1.5557146376560287,1.243695799475834
209,Karnal,34.0,ZT_FYM,1.984239353915377,32.08853448710151,-1.9114655128984879,-0.09557327564492439,-0.3507539216168725,2.44865651551499
210,Karnal,37.0,CT_burn,0.3406367103395099,19.956681079235977,-17.043318920764023,-0.8521659460382012,-3.127449021960198,0.0
210,Karnal,37.0,ZT_retain,0.7096598132073124,26.08555820195265,-10.91444179804735,-0.5457220899023675,-2.0028000699416886,1.1246489520185095
210,Karnal,37.0,ZT_FYM,1.5596598132073125,31.832314189644823,-5.167685810355177,-0.25838429051775885,-0.9482703462001749,2.1791786757600233
211,Karnal,37.0,CT_burn,0.513878016279371,20.26045606049073,-16.73954393950927,-0.8369771969754636,-3.071706312899951,0.0
211,Karnal,37.0,ZT_retain,1.070579200582023,27.247009891081877,-9.752990108918123,-0.48764950544590613,-1.7896736849864754,1.2820326279134757
211,Karnal,37.0,ZT_FYM,1.920579200582023,33.6906368922517,-3.309363107748297,-0.16546815538741483,-0.6072681302718124,2.4644381826281387
212,Karnal,38.0,CT_burn,0.7060686656622501,21.120684851019803,-16.879315148980197,-0.8439657574490098,-3.097354329837866,0.0
212,Karnal,38.0,ZT_retain,1.4709763867963546,29.17879573642656,-8.821204263573438,-0.44106021317867194,-1.618690982365726,1.47866334747214
212,Karnal,38.0,ZT_FYM,2.3209763867963544,36.39551834484642,-1.6044816551535774,-0.08022408275767887,-0.2944223837206814,2.8029319461171847
213,Karnal,26.0,CT_burn,0.5174763150004549,14.511273720391355,-11.488726279608645,-0.5744363139804323,-2.1081812723081863,0.0
213,Karnal,26.0,ZT_retain,1.0780756562509477,20.194908924986695,-5.805091075013305,-0.2902545537506652,-1.0652342122649414,1.042947060043245
213,Karnal,26.0,ZT_FYM,1.928075656250948,26.653010246024696,0.6530102460246958,0.032650512301234794,0.1198273801455317,2.228008652453718
214,Karnal,33.0,CT_burn,0.6812170579768468,18.460975407116944,-14.539024592883056,-0.7269512296441528,-2.6679110127940406,0.0
214,Karnal,33.0,ZT_retain,1.419202204118431,25.79571870430951,-7.204281295690489,-0.36021406478452445,-1.3219856177592046,1.345925395034836
214,Karnal,33.0,ZT_FYM,2.269202204118431,32.912474593243616,-0.08752540675638443,-0.004376270337819221,-0.016060912139796543,2.651850100654244
215,Karnal,31.0,CT_burn,0.4597244780727416,17.026139763912326,-13.973860236087674,-0.6986930118043837,-2.564203353322088,0.0
215,Karnal,31.0,ZT_retain,0.9577593293182116,23.02419245068031,-7.97580754931969,-0.3987903774659845,-1.463560685300163,1.100642668021925
215,Karnal,31.0,ZT_FYM,1.807759329318212,29.249984387350295,-1.7500156126497046,-0.08750078063248523,-0.3211278649212208,2.2430754884008675
216,Karnal,31.0,CT_burn,0.4556868956028045,17.01905994808854,-13.98094005191146,-0.6990470025955731,-2.565502499525753,0.0
216,Karnal,31.0,ZT_retain,0.9493476991725094,22.997123519548296,-8.002876480451704,-0.4001438240225852,-1.4685278341628876,1.0969746653628656
216,Karnal,31.0,ZT_FYM,1.7993476991725093,29.206674097539132,-1.793325902460868,-0.0896662951230434,-0.3290753031015693,2.236427196424184
217,Karnal,31.0,CT_burn,0.5890724188224656,17.252948653763482,-13.747051346236518,-0.6873525673118259,-2.5225839220344013,0.0
217,Karnal,31.0,ZT_retain,1.2272342058801369,23.89137238478518,-7.108627615214822,-0.3554313807607411,-1.3044331673919198,1.2181507546424815
217,Karnal,31.0,ZT_FYM,2.0772342058801367,30.637472281918033,-0.36252771808196727,-0.018126385904098364,-0.066523836268041,2.45606008576636
218,Karnal,31.0,CT_burn,0.5396410266068892,17.16627174860966,-13.83372825139034,-0.691686412569517,-2.5384891341301272,0.0
218,Karnal,31.0,ZT_retain,1.1242521387643525,23.559972354790364,-7.440027645209636,-0.3720013822604818,-1.3652450728959682,1.173244061234159
218,Karnal,31.0,ZT_FYM,1.9742521387643523,30.10723223392644,-0.8927677660735611,-0.044638388303678056,-0.16382288507449846,2.374666249055629
219,Karnal,30.0,CT_burn,0.705911763237428,16.934597448743155,-13.065402551256845,-0.6532701275628423,-2.3975013681556314,0.0
219,Karnal,30.0,ZT_retain,1.4706495067446417,24.03139849179721,-5.9686015082027915,-0.29843007541013955,-1.095238376755212,1.3022629914004193
219,Karnal,30.0,ZT_FYM,2.3206495067446418,31.24748995309416,1.2474899530941599,0.062374497654708,0.22891440639277835,2.6264157745484096
220,Karnal,31.0,CT_burn,0.618454899027179,17.304470213965224,-13.695529786034776,-0.6847764893017387,-2.513129715737381,0.0
220,Karnal,31.0,ZT_retain,1.2884477063066229,24.088359651069123,-6.911640348930877,-0.3455820174465439,-1.268286004028816,1.2448437117085651
220,Karnal,31.0,ZT_FYM,2.1384477063066227,30.952651907972438,-0.04734809202756196,-0.002367404601378098,-0.008688374887057619,2.5044413408503234
221,Karnal,31.0,CT_burn,0.9483611375869648,17.88295385498034,-13.11704614501966,-0.655852307250983,-2.4069779676111076,0.0
221,Karnal,31.0,ZT_retain,1.9757523699728432,26.300131006351837,-4.699868993648163,-0.23499344968240815,-0.8624259603344379,1.5445520072766699
221,Karnal,31.0,ZT_FYM,2.825752369972843,34.491486076424714,3.4914860764247138,0.17457430382123568,0.640687695023935,3.0476656626350427
222,Karnal,33.0,CT_burn,0.5344427606472768,18.203609768027192,-14.796390231972808,-0.7398195115986403,-2.71513760756701,0.0
222,Karnal,33.0,ZT_retain,1.11342241801516,24.81170825351461,-8.18829174648539,-0.4094145873242695,-1.502551535480069,1.212586072086941
222,Karnal,33.0,ZT_FYM,1.96342241801516,31.338057871971607,-1.661942128028393,-0.08309710640141965,-0.3049663804932101,2.4101712270738
223,Karnal,30.0,CT_burn,0.5328042403714695,16.631057053290924,-13.368942946709076,-0.6684471473354539,-2.4532010307211154,0.0
223,Karnal,30.0,ZT_retain,1.110008834107228,22.8708437168093,-7.129156283190699,-0.356457814159535,-1.3082001779654933,1.1450008527556221
223,Karnal,30.0,ZT_FYM,1.960008834107228,29.39060231311351,-0.6093976868864885,-0.030469884344324426,-0.11182447554367064,2.341376555177445
224,Karnal,32.0,CT_burn,0.3611243193285668,17.37647299686272,-14.62352700313728,-0.731176350156864,-2.683417205075691,0.0
224,Karnal,32.0,ZT_retain,0.7523423319345142,23.006446263521923,-8.993553736478077,-0.44967768682390385,-1.650317110643727,1.033100094431964
224,Karnal,32.0,ZT_FYM,1.6023423319345145,28.835614587940018,-3.164385412059982,-0.1582192706029991,-0.5806647231130067,2.1027524819626846
225,Karnal,37.0,CT_burn,0.5856107067189323,20.38623782238297,-16.61376217761703,-0.8306881088808515,-3.0486253595927253,0.0
225,Karnal,37.0,ZT_retain,1.2200223056644424,27.727923227683792,-9.272076772316208,-0.4636038386158104,-1.701426087720024,1.3471992718727013
225,Karnal,37.0,ZT_FYM,2.0700223056644425,34.46009823081467,-2.5399017691853274,-0.12699508845926638,-0.4660719746455076,2.5825533849472175
226,Karnal,35.0,CT_burn,0.7250134718475685,19.58422456571871,-15.41577543428129,-0.7707887717140645,-2.8287947921906165,0.0
226,Karnal,35.0,ZT_retain,1.5104447330157678,27.37592680738817,-7.6240731926118315,-0.38120365963059155,-1.3990174308442709,1.4297773613463456
226,Karnal,35.0,ZT_FYM,2.360444733015768,34.668855758255305,-0.3311442417446955,-0.016557212087234773,-0.06076496836015162,2.768029823830465
227,Karnal,33.0,CT_burn,0.4244495605349764,18.01073900824506,-14.98926099175494,-0.749463049587747,-2.7505293919870315,0.0
227,Karnal,33.0,ZT_retain,0.8842699177812009,24.074287190044217,-8.925712809955783,-0.4462856404977892,-1.6378683006268864,1.1126610913601451
227,Karnal,33.0,ZT_FYM,1.7342699177812009,30.158184170419016,-2.841815829580984,-0.14209079147904918,-0.5214732047281105,2.229056187258921
228,Karnal,36.0,CT_burn,0.5703092181051668,19.83618044972267,-16.16381955027733,-0.8081909775138666,-2.9660608874758903,0.0
228,Karnal,36.0,ZT_retain,1.1881442043857642,26.982045174071292,-9.017954825928708,-0.4508977412964354,-1.654794710557918,1.3112661769179723
228,Karnal,36.0,ZT_FYM,2.0381442043857643,33.65266924499183,-2.347330755008173,-0.11736653775040864,-0.4307351935439997,2.5353256939318904
229,Karnal,31.0,CT_burn,0.7325591877499815,17.504549681040334,-13.495450318959666,-0.6747725159479833,-2.4764151335290987,0.0
229,Karnal,31.0,ZT_retain,1.526164974479128,24.85334244864744,-6.146657551352561,-0.30733287756762806,-1.127911660673195,1.3485034728559038
229,Karnal,31.0,ZT_FYM,2.376164974479128,32.17662438409774,1.1766243840977424,0.05883121920488712,0.2159105744819357,2.6923257080110345
230,Karnal,32.0,CT_burn,0.553996787728942,17.714670808031517,-14.285329191968483,-0.7142664595984242,-2.6213579067262165,0.0
230,Karnal,32.0,ZT_retain,1.154159974435296,24.299510022161027,-7.7004899778389735,-0.3850244988919487,-1.4130399109334517,1.2083179957927648
230,Karnal,32.0,ZT_FYM,2.004159974435296,30.904516601762662,-1.095483398237338,-0.0547741699118669,-0.2010212035765515,2.420336703149665
231,Karnal,31.0,CT_burn,0.4711582019974947,17.04618855800365,-13.95381144199635,-0.6976905720998176,-2.5605243996063303,0.0
231,Karnal,31.0,ZT_retain,0.9815795874947808,23.100846906114075,-7.899153093885925,-0.3949576546942962,-1.4494945927280671,1.1110298068782631
231,Karnal,31.0,ZT_FYM,1.831579587494781,29.372631516044198,-1.6273684839558022,-0.08136842419779011,-0.2986221168058897,2.2619022828004405
232,Karnal,29.0,CT_burn,0.7863172734447791,16.552360282788804,-12.447639717211196,-0.6223819858605598,-2.2841418881082545,0.0
232,Karnal,29.0,ZT_retain,1.6381609863432898,23.927163346838846,-5.072836653161154,-0.25364183265805773,-0.9308655258550719,1.3532763622531827
232,Karnal,29.0,ZT_FYM,2.48816098634329,31.466689621117578,2.4666896211175775,0.12333448105587888,0.4526375454750755,2.73677943358333
233,Karnal,30.0,CT_burn,0.6012905322454829,16.75114632367223,-13.24885367632777,-0.6624426838163885,-2.4311646496061456,0.0
233,Karnal,30.0,ZT_retain,1.2526886088447562,23.32999241086783,-6.670007589132169,-0.33350037945660843,-1.223946392605753,1.2072182570003926
233,Karnal,30.0,ZT_FYM,2.102688608844756,30.125240223607147,0.12524022360714682,0.006262011180357341,0.02298158103191144,2.4541462306380573
234,Karnal,31.0,CT_burn,0.6645544236128968,17.38530475940396,-13.614695240596038,-0.6807347620298019,-2.498296576649373,0.0
234,Karnal,31.0,ZT_retain,1.3844883825268686,24.3974220332052,-6.602577966794801,-0.33012889833974,-1.211573056906846,1.286723519742527
234,Karnal,31.0,ZT_FYM,2.2344883825268687,31.447151719390188,0.44715171939018816,0.02235758596950941,0.08205234050809954,2.5803489171574725
235,Karnal,32.0,CT_burn,0.8281982966844617,18.195477378907377,-13.804522621092623,-0.6902261310546312,-2.533129900970496,0.0
235,Karnal,32.0,ZT_retain,1.7254131180926284,26.13782337364737,-5.862176626352628,-0.29310883131763144,-1.0757094109357073,1.457420490034789
235,Karnal,32.0,ZT_FYM,2.5754131180926283,33.845817964140736,1.8458179641407355,0.09229089820703677,0.33870759641982495,2.871837497390321
236,Karnal,31.0,CT_burn,0.8226907219807865,17.662593428014556,-13.337406571985444,-0.6668703285992722,-2.447414105959329,0.0
236,Karnal,31.0,ZT_retain,1.713939004126639,25.457606091825646,-5.542393908174354,-0.2771196954087177,-1.017029282149994,1.430384823809335
236,Karnal,31.0,ZT_FYM,2.5639390041266386,33.14344621318306,2.1434462131830614,0.10717231065915307,0.39332238011909176,2.8407364860784208
237,Karnal,32.0,CT_burn,0.5074704766614866,17.633087901485652,-14.366912098514348,-0.7183456049257174,-2.6363283700773827,0.0
237,Karnal,32.0,ZT_retain,1.0572301597114304,23.98758636004659,-8.012413639953412,-0.4006206819976706,-1.470277902931451,1.1660504671459317
237,Karnal,32.0,ZT_FYM,1.9072301597114305,30.405438742379534,-1.594561257620466,-0.0797280628810233,-0.2926019907733555,2.343726379304027
238,Karnal,34.0,CT_burn,0.4698292432473195,18.613537860767266,-15.386462139232734,-0.7693231069616366,-2.8234158025492064,0.0
238,Karnal,34.0,ZT_retain,0.9788109234319158,25.021816744447758,-8.978183255552242,-0.4489091627776121,-1.6474966273938365,1.17591917515537
238,Karnal,34.0,ZT_FYM,1.828810923431916,31.288255557507636,-2.711744442492364,-0.1355872221246182,-0.49760510519734885,2.3258106973518577
239,Karnal,34.0,CT_burn,0.640846046719746,18.91341222379653,-15.08658777620347,-0.7543293888101734,-2.7683888569333366,0.0
239,Karnal,34.0,ZT_retain,1.3350959306661376,26.16835483006748,-7.831645169932521,-0.3915822584966261,-1.4371068886826177,1.3312819682507189
239,Karnal,34.0,ZT_FYM,2.185095930666137,33.12271649449903,-0.8772835055009693,-0.04386417527504847,-0.16098152325942788,2.6074073336739088
240,Karnal,31.0,CT_burn,0.5527552725575655,17.189267302679173,-13.810732697320827,-0.6905366348660413,-2.5342694499583716,0.0
240,Karnal,31.0,ZT_retain,1.151573484494928,23.64789343705449,-7.352106562945512,-0.3676053281472756,-1.3491115543005014,1.18515789565787
240,Karnal,31.0,ZT_FYM,2.001573484494928,30.247905965548867,-0.7520940344511331,-0.03760470172255666,-0.13800925532178293,2.3962601946365885
241,Karnal,32.0,CT_burn,0.3,17.269292790286162,-14.730707209713838,-0.7365353604856919,-2.703084772982489,0.0
241,Karnal,32.0,ZT_retain,0.3740610195157672,21.789123269402424,-10.210876730597576,-0.5105438365298788,-1.873695880064655,0.8293888929178341
241,Karnal,32.0,ZT_FYM,1.224061019515767,26.887897797348757,-5.1121022026512435,-0.25560511013256215,-0.9380707541865031,1.765014018795986
242,Karnal,34.0,CT_burn,0.8501563983614355,19.28043351702356,-14.71956648297644,-0.735978324148822,-2.7010404496261766,0.0
242,Karnal,34.0,ZT_retain,1.7711591632529908,27.57162214064088,-6.42837785935912,-0.321418892967956,-1.1796073371923985,1.521433112433778
242,Karnal,34.0,ZT_FYM,2.6211591632529907,35.36794419141653,1.3679441914165267,0.06839720957082633,0.2510177591249326,2.9520582087511094
243,Karnal,37.0,CT_burn,0.584889112367843,20.384972521886162,-16.615027478113838,-0.8307513739056919,-3.0488575422338893,0.0
243,Karnal,37.0,ZT_retain,1.218518984099673,27.723085484321253,-9.276914515678747,-0.46384572578393735,-1.70231381362705,1.3465437286068394
243,Karnal,37.0,ZT_FYM,2.068518984099673,34.452357841434576,-2.5476421585654236,-0.12738210792827118,-0.4674923360967552,2.581365206137134
244,Karnal,36.0,CT_burn,0.7363230265561561,20.12728216635223,-15.87271783364777,-0.7936358916823885,-2.9126437224743658,0.0
244,Karnal,36.0,ZT_retain,1.5340063053253252,28.095041968906752,-7.904958031093248,-0.3952479015546624,-1.450559798705611,1.4620839237687548
244,Karnal,36.0,ZT_FYM,2.3840063053253253,35.4334641167283,-0.5665358832716976,-0.028326794163584877,-0.1039593345803565,2.8086843878940093
245,Karnal,29.0,CT_burn,0.3330800216240281,15.757618307548807,-13.242381692451193,-0.6621190846225596,-2.429977040564794,0.0
245,Karnal,29.0,ZT_retain,0.6939167117167253,20.88855099715897,-8.11144900284103,-0.40557245014205157,-1.4884508920213293,0.9415261485434645
245,Karnal,29.0,ZT_FYM,1.5439167117167254,26.60490986162986,-2.39509013837014,-0.119754506918507,-0.4394990403909207,1.990478000173873
246,Karnal,27.0,CT_burn,0.8528685916097729,15.622603548229906,-11.377396451770094,-0.5688698225885047,-2.0877522488998124,0.0
246,Karnal,27.0,ZT_retain,1.7768095658536935,23.086753175143595,-3.9132468248564045,-0.19566234124282023,-0.7180807923611502,1.3696714565386623
246,Karnal,27.0,ZT_FYM,2.6268095658536934,30.89398514631901,3.893985146319011,0.19469925731595056,0.7145462743495385,2.802298523249351
247,Karnal,30.0,CT_burn,0.456558895359641,16.497362446649174,-13.502637553350826,-0.6751318776675413,-2.4777339910398766,0.0
247,Karnal,30.0,ZT_retain,0.9511643653325854,22.3596764505975,-7.640323549402499,-0.38201617747012495,-1.4019993713153585,1.0757346197245181
247,Karnal,30.0,ZT_FYM,1.8011643653325855,28.572734687174744,-1.4272653128252557,-0.07136326564126279,-0.26190318490343445,2.215830806136442
248,Karnal,33.0,CT_burn,0.5580607140824333,18.24502335194763,-14.75497664805237,-0.7377488324026185,-2.7075382149176095,0.0
248,Karnal,33.0,ZT_retain,1.162626487671736,24.97004873566599,-8.02995126433401,-0.4014975632167005,-1.4734960570052908,1.2340421579123186
248,Karnal,33.0,ZT_FYM,2.012626487671736,31.5914026434136,-1.4085973565864016,-0.07042986782932008,-0.25847761493360466,2.449060599984005
249,Karnal,32.0,CT_burn,0.3,17.269292790286162,-14.730707209713838,-0.7365353604856919,-2.703084772982489,0.0
249,Karnal,32.0,ZT_retain,0.5933731453199544,22.494877650774352,-9.505122349225648,-0.4752561174612824,-1.7441899510829062,0.958894821899583
249,Karnal,32.0,ZT_FYM,1.4433731453199543,28.017104807544012,-3.982895192455988,-0.1991447596227994,-0.7308612678156737,1.9722235051668155
250,Karnal,29.0,CT_burn,0.5455402156022887,16.130162782972754,-12.869837217027246,-0.6434918608513623,-2.3616151293244996,0.0
250,Karnal,29.0,ZT_retain,1.1365421158381015,22.3129356139227,-6.687064386077299,-0.33435321930386497,-1.2270763148451844,1.1345388144793151
250,Karnal,29.0,ZT_FYM,1.9865421158381011,28.88392524845177,-0.11607475154822922,-0.0058037375774114604,-0.02129971690910006,2.3403154124153995
251,Karnal,31.0,CT_burn,0.5322654094157092,17.153338759205944,-13.846661240794056,-0.6923330620397028,-2.5408623376857093,0.0
251,Karnal,31.0,ZT_retain,1.1088862696160608,23.51052443012491,-7.48947556987509,-0.3744737784937545,-1.3743187670720791,1.1665435706136302
251,Karnal,31.0,ZT_FYM,1.9588862696160607,30.028115554461746,-0.9718844455382545,-0.04859422227691272,-0.17834079575626968,2.3625215419294396
252,Karnal,30.0,CT_burn,0.5416518541311567,16.646571157675066,-13.353428842324934,-0.6676714421162467,-2.4503541925666257,0.0
252,Karnal,30.0,ZT_retain,1.1284413627732433,22.93016026311567,-7.0698397368843295,-0.35349198684421645,-1.2973155917182744,1.1530386008483513
252,Karnal,30.0,ZT_FYM,1.9784413627732431,29.48550878720362,-0.5144912127963792,-0.025724560639818962,-0.09440913754813558,2.35594505501849
253,Karnal,34.0,CT_burn,0.6734122016700289,18.970516290611936,-15.029483709388064,-0.7514741854694031,-2.7579102606727095,0.0
253,Karnal,34.0,ZT_retain,1.4029420868125604,26.386686223208617,-7.613313776791383,-0.38066568883956914,-1.3970430780412186,1.3608671826314909
253,Karnal,34.0,ZT_FYM,2.2529420868125603,33.472046723525104,-0.5279532764748964,-0.02639766382374482,-0.0968794262331435,2.661030834439566
254,Karnal,34.0,CT_burn,0.5935450430698277,18.830470910123495,-15.169529089876505,-0.7584764544938253,-2.783608587992339,0.0
254,Karnal,34.0,ZT_retain,1.2365521730621412,25.851237441182196,-8.148762558817804,-0.4074381279408902,-1.4952979295430668,1.288310658449272
254,Karnal,34.0,ZT_FYM,2.086552173062141,32.61532867228276,-1.3846713277172427,-0.06923356638586213,-0.254087188636114,2.529521399356225
255,Karnal,33.0,CT_burn,0.7868852904200812,18.646262427181405,-14.353737572818595,-0.7176868786409297,-2.633910844612212,0.0
255,Karnal,33.0,ZT_retain,1.6393443550418358,26.504144136643195,-6.495855863356805,-0.32479279316784027,-1.1919895509259737,1.4419212936862382
255,Karnal,33.0,ZT_FYM,2.489344355041836,34.04595528497751,1.0459552849775093,0.052297764248875465,0.19193279479337294,2.825843639405585
256,Karnal,29.0,CT_burn,0.4819249911904272,16.018614826794582,-12.981385173205418,-0.6490692586602709,-2.382084179283194,0.0
256,Karnal,29.0,ZT_retain,1.00401039831339,21.88644373632652,-7.11355626367348,-0.35567781318367403,-1.3053375743840836,1.0767466048991103
256,Karnal,29.0,ZT_FYM,1.85401039831339,28.20153824429799,-0.7984617557020108,-0.03992308778510054,-0.146517732171319,2.235566447111875
257,Karnal,34.0,CT_burn,0.3704414400795263,18.439263441162492,-15.560736558837508,-0.7780368279418755,-2.855395158546683,0.0
257,Karnal,34.0,ZT_retain,0.7717530001656798,24.35549683164274,-9.64450316835726,-0.48222515841786306,-1.7697663313935574,1.0856288271531256
257,Karnal,34.0,ZT_FYM,1.62175300016568,30.222143697019497,-3.777856302980503,-0.18889281514902515,-0.6932366315969223,2.162158526949761
258,Karnal,30.0,CT_burn,0.576764730089843,16.708140846141053,-13.291859153858947,-0.6645929576929474,-2.439056154733117,0.0
258,Karnal,30.0,ZT_retain,1.2015931876871728,23.16556549093454,-6.83443450906546,-0.341721725453273,-1.254118732413512,1.184937422319605
258,Karnal,30.0,ZT_FYM,2.051593187687173,29.86215715171386,-0.1378428482861409,-0.006892142414307046,-0.025294162660506856,2.41376199207261
259,Karnal,35.0,CT_burn,0.7135113292673592,19.56405580095599,-15.435944199044009,-0.7717972099522005,-2.8324957605245755,0.0
259,Karnal,35.0,ZT_retain,1.486481935973665,27.298813656711282,-7.701186343288718,-0.3850593171644359,-1.4131676939934799,1.4193280665310957
259,Karnal,35.0,ZT_FYM,2.336481935973665,34.54547471717242,-0.4545252828275821,-0.022726264141379106,-0.08340538939886132,2.7490903711257144
260,Karnal,32.0,CT_burn,0.8436683424508047,18.22260377833717,-13.77739622166283,-0.6888698110831415,-2.5281522066751294,0.0
260,Karnal,32.0,ZT_retain,1.7576423801058432,26.241538308655212,-5.758461691344788,-0.2879230845672394,-1.0566777203617685,1.4714744863133609
260,Karnal,32.0,ZT_FYM,2.607642380105843,34.01176186015347,2.01176186015347,0.1005880930076735,0.36915830133816174,2.897310508013291
261,Karnal,27.0,CT_burn,0.7527002071911039,15.446960395841936,-11.553039604158064,-0.5776519802079032,-2.1199827673630045,0.0
261,Karnal,27.0,ZT_retain,1.568125431648133,22.415200056508084,-4.584799943491916,-0.2292399971745958,-0.8413107896307667,1.278671977732238
261,Karnal,27.0,ZT_FYM,2.418125431648133,29.819500156501977,2.8195001565019773,0.14097500782509886,0.5173782787181128,2.6373610460811174
262,Karnal,29.0,CT_burn,0.3,15.699613186343921,-13.300386813656079,-0.665019340682804,-2.4406209803058907,0.0
262,Karnal,29.0,ZT_retain,0.4332061062303362,20.049574805498573,-8.950425194501427,-0.4475212597250714,-1.642403023191012,0.7982179571148786
262,Karnal,29.0,ZT_FYM,1.2832061062303362,25.262547954973048,-3.737452045026952,-0.1868726022513476,-0.6858224502624457,1.754798530043445
263,Karnal,34.0,CT_burn,0.6604347252223176,18.947760558985074,-15.052239441014926,-0.7526119720507463,-2.7620859374262388,0.0
263,Karnal,34.0,ZT_retain,1.375905677546495,26.299682076829818,-7.700317923170182,-0.3850158961585091,-1.4130083389017285,1.3490775985245103
263,Karnal,34.0,ZT_FYM,2.225905677546495,33.332840089318964,-0.6671599106810362,-0.03335799553405181,-0.12242384360997015,2.6396620938162685
264,Karnal,32.0,CT_burn,0.8892305184409648,18.302496094331087,-13.697503905668913,-0.6848751952834456,-2.5134919666902453,0.0
264,Karnal,32.0,ZT_retain,1.8525635800853435,26.54699817561417,-5.453001824385829,-0.27265009121929146,-1.0006258347747996,1.5128661319154457
264,Karnal,32.0,ZT_FYM,2.702563580085344,34.50049764728745,2.500497647287453,0.12502488236437265,0.4588413182772476,2.972333284967493
265,Karnal,32.0,CT_burn,0.5940161285724188,17.784843879335753,-14.215156120664247,-0.7107578060332124,-2.6084811481418892,0.0
265,Karnal,32.0,ZT_retain,1.2375336011925393,24.56780937933995,-7.432190620660052,-0.3716095310330026,-1.3638069788911196,1.2446741692507697
265,Karnal,32.0,ZT_FYM,2.0875336011925394,31.333795573248885,-0.6662044267511149,-0.03331022133755575,-0.12224851230882959,2.4862326358330598
266,Karnal,31.0,CT_burn,0.4718118239700041,17.047334670366325,-13.952665329633675,-0.6976332664816838,-2.5603140879877793,0.0
266,Karnal,31.0,ZT_retain,0.9829412999375086,23.10522894618178,-7.894771053818221,-0.39473855269091107,-1.4486904883756435,1.1116235996121357
266,Karnal,31.0,ZT_FYM,1.8329412999375083,29.379642780152675,-1.6203572198473246,-0.08101786099236623,-0.29733554984198407,2.262978538145795
267,Karnal,31.0,CT_burn,0.6460947720887531,17.352936149243174,-13.647063850756826,-0.6823531925378413,-2.5042362166138776,0.0
267,Karnal,31.0,ZT_retain,1.3460307751849023,24.27366405685458,-6.726335943145418,-0.3363167971572709,-1.2342826455671843,1.2699535710466934
267,Karnal,31.0,ZT_FYM,2.1960307751849024,31.249138957229192,0.24913895722919221,0.012456947861459611,0.045716998651556776,2.5499532152654343
268,Karnal,32.0,CT_burn,0.4745152929325048,17.575301680900477,-14.424698319099523,-0.7212349159549761,-2.646932141554762,0.0
268,Karnal,32.0,ZT_retain,0.9885735269427184,23.766646823716364,-8.233353176283636,-0.41166765881418177,-1.510820307848047,1.136111833706715
268,Karnal,32.0,ZT_FYM,1.8385735269427184,30.05193548425124,-1.9480645157487615,-0.09740322578743807,-0.35746983863989773,2.2894623029148646
269,Karnal,36.0,CT_burn,0.7157807006389363,20.091261630507237,-15.908738369492763,-0.7954369184746382,-2.919253490801922,0.0
269,Karnal,36.0,ZT_retain,1.491209792997784,27.95732123882015,-8.04267876117985,-0.4021339380589925,-1.4758315526765025,1.4434219381254196
269,Karnal,36.0,ZT_FYM,2.341209792997784,35.21311094858988,-0.786889051410121,-0.03934445257050605,-0.1443941409337572,2.774859349868165
270,Karnal,35.0,CT_burn,0.5780555676281514,19.326536975814584,-15.673463024185416,-0.7836731512092708,-2.876080464938024,0.0
270,Karnal,35.0,ZT_retain,1.2042824325586488,26.390685411518124,-8.609314588481876,-0.4304657294240938,-1.5798092269864241,1.2962712379516
270,Karnal,35.0,ZT_FYM,2.0542824325586486,33.092469524863475,-1.9075304751365252,-0.09537652375682626,-0.35003184218755234,2.526048622750472
271,Karnal,33.0,CT_burn,0.8750016274552617,18.80077256831593,-14.199227431684069,-0.7099613715842035,-2.6055582337140266,0.0
271,Karnal,33.0,ZT_retain,1.8229200571984616,27.09489740956612,-5.905102590433881,-0.295255129521694,-1.083586325344617,1.5219719083694097
271,Karnal,33.0,ZT_FYM,2.672920057198462,34.99116052165394,1.9911605216539385,0.09955802608269693,0.36537795572349774,2.9709361894375244
272,Karnal,35.0,CT_burn,0.6862949804812846,19.516332506574923,-15.483667493425077,-0.7741833746712539,-2.8412529850435018,0.0
272,Karnal,35.0,ZT_retain,1.4297812093360096,27.116348660283226,-7.883651339716774,-0.3941825669858387,-1.446650020838028,1.3946029642054738
272,Karnal,35.0,ZT_FYM,2.2797812093360097,34.253530722887625,-0.7464692771123751,-0.03732346385561876,-0.13697711235012083,2.704275872693381
273,Karnal,33.0,CT_burn,0.427915554190996,18.016816555122176,-14.983183444877824,-0.7491591722438912,-2.7494141621350807,0.0
273,Karnal,33.0,ZT_retain,0.8914907378979083,24.097524051279276,-8.902475948720724,-0.4451237974360362,-1.6336043365902528,1.1158098255448279
273,Karnal,33.0,ZT_FYM,1.7414907378979083,30.195363148395042,-2.8046368516049576,-0.14023184258024787,-0.5146508622695097,2.234763299865571
274,Karnal,32.0,CT_burn,0.7084981271561882,17.985585652697022,-14.014414347302978,-0.7007207173651488,-2.571645032730096,0.0
274,Karnal,32.0,ZT_retain,1.4760377649087255,25.335324435340286,-6.664675564659714,-0.33323377823298567,-1.2229679661150574,1.3486770666150387
274,Karnal,32.0,ZT_FYM,2.3260377649087256,32.56181966284943,0.5618196628494303,0.028090983142471514,0.10309390813287045,2.6747389408629667
275,Karnal,34.0,CT_burn,0.7784856710888107,19.15476040623948,-14.845239593760521,-0.7422619796880261,-2.724101465455056,0.0
275,Karnal,34.0,ZT_retain,1.6218451481016891,27.09112422012294,-6.908875779877061,-0.34544378899385303,-1.2677787056074405,1.4563227598476154
275,Karnal,34.0,ZT_FYM,2.471845148101689,34.5991475185881,0.5991475185880972,0.02995737592940486,0.10994356966091584,2.8340450351159716
276,Karnal,38.0,CT_burn,0.4607421234673458,20.69050992621059,-17.30949007378941,-0.8654745036894704,-3.1762914285403565,0.0
276,Karnal,38.0,ZT_retain,0.9598794238903038,27.534067158131105,-10.465932841868895,-0.5232966420934447,-1.9204986764829421,1.2557927520574144
276,Karnal,38.0,ZT_FYM,1.809879423890304,33.763952619573736,-4.236047380426264,-0.2118023690213132,-0.7773146943082194,2.398976734232137
277,Karnal,27.0,CT_burn,0.4908722221930284,14.987850538621366,-12.012149461378634,-0.6006074730689317,-2.2042294261629793,0.0
277,Karnal,27.0,ZT_retain,1.022650462902143,20.659841807575827,-6.340158192424173,-0.31700790962120867,-1.1634190283098358,1.0408103978531436
277,Karnal,27.0,ZT_FYM,1.8726504629021423,27.01092695821054,0.010926958210539794,0.0005463479105269897,0.002005096831634052,2.206234522994613
278,Karnal,27.0,CT_burn,0.3,14.6531601170491,-12.3468398829509,-0.617341994147545,-2.26564511852149,0.0
278,Karnal,27.0,ZT_retain,0.3,18.334326387379413,-8.665673612620587,-0.43328368063102934,-1.5901511079158777,0.6754940106056124
278,Karnal,27.0,ZT_FYM,1.0457193596154686,22.753176068442144,-4.246823931557856,-0.2123411965778928,-0.7792921914408666,1.4863529270806235
279,Karnal,27.0,CT_burn,0.7715993448694999,15.48009963571798,-11.51990036428202,-0.5759950182141009,-2.1139017168457506,0.0
279,Karnal,27.0,ZT_retain,1.6074986351447915,22.541904454518583,-4.458095545481417,-0.22290477727407082,-0.8180605325958399,1.2958411842499107
279,Karnal,27.0,ZT_FYM,2.457498635144792,30.022227193318788,3.0222271933187876,0.1511113596659394,0.5545786899739975,2.6684804068197483
280,Karnal,28.0,CT_burn,0.4566662741098038,15.451097663731224,-12.548902336268776,-0.6274451168134388,-2.3027235787053204,0.0
280,Karnal,28.0,ZT_retain,0.9513880710620912,21.073810010565616,-6.926189989434384,-0.3463094994717192,-1.2709558630612094,1.031767715644111
280,Karnal,28.0,ZT_FYM,1.801388071062091,27.28730018303737,-0.7126998169626297,-0.03563499084813149,-0.13078041641264254,2.1719431622926777
281,Karnal,27.0,CT_burn,0.3,14.6531601170491,-12.3468398829509,-0.617341994147545,-2.26564511852149,0.0
281,Karnal,27.0,ZT_retain,0.3,18.334326387379413,-8.665673612620587,-0.43328368063102934,-1.5901511079158777,0.6754940106056124
281,Karnal,27.0,ZT_FYM,1.1261662323056156,23.167385598612366,-3.8326144013876338,-0.1916307200693817,-0.7032847426546308,1.5623603758668594
282,Karnal,32.0,CT_burn,0.3,17.269292790286162,-14.730707209713838,-0.7365353604856919,-2.703084772982489,0.0
282,Karnal,32.0,ZT_retain,0.4317404519649364,21.974737776656745,-10.025262223343255,-0.5012631111671627,-1.8396356179834872,0.863449154999002
282,Karnal,32.0,ZT_FYM,1.2817404519649365,27.184881008955756,-4.815118991044244,-0.2407559495522122,-0.8835743348566187,1.8195104381258704
283,Karnal,29.0,CT_burn,0.5337129269587101,16.109423881435955,-12.890576118564045,-0.6445288059282023,-2.365420717756502,0.0
283,Karnal,29.0,ZT_retain,1.1119019311639793,22.2336426052584,-6.7663573947416005,-0.33831786973708,-1.2416265819350836,1.1237941358214185
283,Karnal,29.0,ZT_FYM,1.9619019311639796,28.757056434588854,-0.2429435654111458,-0.01214717827055729,-0.04458014425294525,2.3208405735035567
284,Karnal,33.0,CT_burn,0.7414513857550497,18.56659503225454,-14.43340496774546,-0.721670248387273,-2.648529811581292,0.0
284,Karnal,33.0,ZT_retain,1.5446903869896869,26.199544231726538,-6.800455768273462,-0.3400227884136731,-1.2478836334781802,1.4006461781031116
284,Karnal,33.0,ZT_FYM,2.3946903869896867,33.55859543711045,0.5585954371104478,0.027929771855522388,0.10250226270976716,2.751032074291059
285,Karnal,33.0,CT_burn,0.5619895525073231,18.251912487378707,-14.748087512621293,-0.7374043756310646,-2.7062740585660072,0.0
285,Karnal,33.0,ZT_retain,1.1708115677235895,24.99638862037266,-8.00361137962734,-0.400180568981367,-1.468662688161617,1.2376113704043903
285,Karnal,33.0,ZT_FYM,2.0208115677235896,31.633546458944448,-1.3664535410555523,-0.06832267705277761,-0.25074422478369385,2.4555298337823133
286,Karnal,31.0,CT_burn,0.6804394627275764,17.413158840929817,-13.586841159070183,-0.6793420579535091,-2.4931853526893786,0.0
286,Karnal,31.0,ZT_retain,1.417582214015784,24.503919184167923,-6.496080815832077,-0.32480404079160385,-1.192030829705186,1.3011545229841925
286,Karnal,31.0,ZT_FYM,2.267582214015784,31.617547160930332,0.6175471609303322,0.03087735804651661,0.11331990403071596,2.6065052567200944
287,Karnal,34.0,CT_burn,0.3481632788356649,18.400199154631427,-15.599800845368573,-0.7799900422684287,-2.8625634551251333,0.0
287,Karnal,34.0,ZT_retain,0.7253401642409687,24.206138640955952,-9.793861359044048,-0.48969306795220235,-1.7971735593845826,1.0653898957405508
287,Karnal,34.0,ZT_FYM,1.5753401642409686,29.983170591920814,-4.016829408079186,-0.2008414704039593,-0.7370881963825306,2.1254752587426027
288,Karnal,35.0,CT_burn,0.3,18.83897239422838,-16.16102760577162,-0.8080513802885809,-2.965548565659092,0.0
288,Karnal,35.0,ZT_retain,0.619799124088109,24.50979690943781,-10.49020309056219,-0.5245101545281095,-1.9249522671181616,1.0405962985409305
288,Karnal,35.0,ZT_FYM,1.469799124088109,30.083047921534877,-4.916952078465123,-0.24584760392325614,-0.90226070639835,2.063287859260742
289,Karnal,27.0,CT_burn,0.7678642343679586,15.473550198120384,-11.526449801879616,-0.5763224900939808,-2.1151035386449095,0.0
289,Karnal,27.0,ZT_retain,1.5997171549332472,22.516863368747682,-4.483136631252318,-0.2241568315626159,-0.8226555718348003,1.2924479668101092
289,Karnal,27.0,ZT_FYM,2.4497171549332477,29.982161456085514,2.982161456085514,0.14910807280427568,0.5472266271916918,2.662330165836601
290,Karnal,34.0,CT_burn,0.6847409097777215,18.99038094167989,-15.009619058320109,-0.7504809529160055,-2.75426509720174,0.0
290,Karnal,34.0,ZT_retain,1.4265435620369198,26.462636627160748,-7.537363372839252,-0.3768681686419626,-1.3831061789160026,1.3711589182857375
290,Karnal,34.0,ZT_FYM,2.27654356203692,33.593567369848344,-0.40643263015165587,-0.020321631507582795,-0.07458038763282886,2.679684709568911
291,Karnal,36.0,CT_burn,0.5743565308923748,19.84327732745288,-16.15672267254712,-0.807836133627356,-2.9647586104123964,0.0
291,Karnal,36.0,ZT_retain,1.196576106025781,27.00917933960778,-8.99082066039222,-0.449541033019611,-1.6498155911819723,1.3149430192304241
291,Karnal,36.0,ZT_FYM,2.046576106025781,33.69608390985003,-2.3039160901499685,-0.11519580450749842,-0.4227686025425192,2.5419900078698774
292,Karnal,38.0,CT_burn,0.851577962403743,21.37583233822121,-16.62416766177879,-0.8312083830889396,-3.0505347659364084,0.0
292,Karnal,38.0,ZT_retain,1.774120755007798,30.154325316785833,-7.845674683214167,-0.39228373416070833,-1.4396813043697996,1.6108534615666088
292,Karnal,38.0,ZT_FYM,2.624120755007798,37.956365673421374,-0.043634326578626315,-0.0021817163289313156,-0.008006898927177928,3.0425278670092304
